id,name,minit,lname,country,points,phone,bdate,sex
CUST00000,Sharon,N,Bradley,Luxembourg,178,99062137215,1997-07-19,F
CUST00001,Anthony,R,Salazar,Bouvet Island (Bouvetoya),6516,23975526830,1996-02-22,M
CUST00002,Bryce,Y,Allen,Tonga,1767,31643764743,1976-05-04,F
CUST00003,Patricia,C,Martinez,Portugal,711,74327223448,1958-06-23,F
CUST00004,Eddie,B,Thomas,Botswana,3038,56662340212,1974-10-14,F
CUST00005,Jason,F,Martinez,Belize,9894,69367179094,1971-07-24,M
CUST00006,Tara,U,Price,Guatemala,4879,79350452890,1983-08-28,F
CUST00007,Joseph,D,Cook,Andorra,9612,82238738133,1955-12-10,F
CUST00008,Chad,I,Wilson,Botswana,3583,04227456966,1986-01-13,M
CUST00009,Steven,G,Harrington,Latvia,6672,13929583675,1978-07-03,F
CUST00010,Gary,Z,Rodriguez,Papua New Guinea,4481,63412940817,1988-04-22,M
CUST00011,Jessica,K,Clements,Lithuania,5919,25955308444,2004-01-24,F
CUST00012,Frank,F,Larson,Finland,6057,23187394043,2003-06-08,M
CUST00013,Christian,Y,Scott,Netherlands,3099,13725354158,1991-11-02,F
CUST00014,Jeffrey,T,Taylor,Cuba,3890,29783971537,1986-05-06,F
CUST00015,Lauren,T,Petty,Saint Helena,1988,38639111651,1979-09-14,F
CUST00016,Maria,J,Jones,Cote d'Ivoire,7298,21305789489,1981-03-11,F
CUST00017,Christina,A,Sanchez,British Virgin Islands,5159,29598803202,1988-07-08,F
CUST00018,David,E,Herrera,Guadeloupe,3214,69285967794,1976-02-23,M
CUST00019,Rebecca,I,Campbell,Isle of Man,4524,70008923749,1985-06-25,M
CUST00020,Heather,N,Chambers,Ecuador,31,88602250598,1984-08-22,M
CUST00021,Rachel,V,George,Cayman Islands,9550,62121948937,1997-03-15,M
CUST00022,Jeremy,D,Gardner,Saint Pierre and Miquelon,486,37792098066,1999-05-18,M
CUST00023,Carol,Y,Tucker,United Kingdom,2653,65744399446,1964-02-18,M
CUST00024,Jasmine,U,Bradley,Portugal,1013,64986820845,1996-10-10,F
CUST00025,Alex,L,Barnett,Jamaica,4128,35294170721,2001-05-16,M
CUST00026,Melissa,H,Jackson,Oman,5391,21689593603,1985-09-25,F
CUST00027,Andre,E,Friedman,Costa Rica,8035,53979985157,2001-09-18,M
CUST00028,Amy,I,Peck,Heard Island and McDonald Islands,9896,84540940764,1986-03-27,M
CUST00029,Steven,L,Kelley,Slovakia (Slovak Republic),2830,84240151037,1998-03-07,M
CUST00030,Amy,Q,Olson,Vanuatu,4654,27245289614,1963-12-30,M
CUST00031,Kayla,J,White,Grenada,8563,56706653815,1987-06-30,F
CUST00032,Stephanie,D,Sutton,Belgium,6502,45927412636,1966-08-25,M
CUST00033,Valerie,R,King,British Virgin Islands,3813,81823392974,1956-10-28,F
CUST00034,Tyler,O,Singleton,Central African Republic,8834,62849601387,2005-01-13,F
CUST00035,Douglas,O,Ponce,Comoros,2057,92120761027,1980-11-16,F
CUST00036,Antonio,Z,Rivera,Tunisia,2302,64457273649,1986-10-27,F
CUST00037,Richard,G,Coffey,Liechtenstein,7719,94855961965,1974-04-25,M
CUST00038,Maria,W,Gibbs,Cook Islands,9617,03093355576,1992-10-05,F
CUST00039,Bobby,M,Parker,Northern Mariana Islands,254,42716473683,1999-11-05,F
CUST00040,Elizabeth,L,Fox,United States Minor Outlying Islands,6515,22756990850,1993-05-08,M
CUST00041,Kimberly,Z,Alexander,Netherlands,6532,06488545787,1994-12-26,M
CUST00042,Jennifer,B,Moody,Cyprus,9406,60308334331,1998-05-04,M
CUST00043,Edward,X,Hernandez,Bouvet Island (Bouvetoya),7412,50468120263,2005-12-31,F
CUST00044,Michael,Z,Sims,Barbados,610,78195513288,1994-11-20,M
CUST00045,Anthony,B,Gardner,Malta,9254,26175760096,1977-08-05,F
CUST00046,Thomas,K,Goodwin,Fiji,3598,02671173702,2006-05-12,F
CUST00047,Angela,T,Morgan,Mayotte,9794,80200849178,1974-05-30,M
CUST00048,Amanda,K,Solis,Cocos (Keeling) Islands,1103,87067913695,1990-12-09,M
CUST00049,Melissa,Y,Summers,Belarus,8277,11990738883,1976-08-12,F
CUST00050,Emily,P,Fisher,Namibia,4759,43207816798,1961-09-08,M
CUST00051,Dawn,I,Sims,Samoa,2137,47816546103,1994-09-11,F
CUST00052,Craig,M,Anderson,Cambodia,2756,53997996861,1989-05-07,M
CUST00053,Evan,X,Russell,Czech Republic,2466,33564038099,1983-09-28,M
CUST00054,Amy,G,Hunter,Wallis and Futuna,706,70550801164,1963-01-09,F
CUST00055,Sheila,P,Daniels,Qatar,3383,75164992236,1957-07-13,F
CUST00056,Sherry,S,Mccarthy,Christmas Island,2996,91233705042,1994-03-04,M
CUST00057,Michael,F,Morton,Ecuador,7485,51679222303,1978-03-15,F
CUST00058,Shannon,C,Duncan,Chad,8810,20664936070,2003-04-12,M
CUST00059,Richard,E,Wagner,Senegal,5454,24760924182,1960-05-08,M
CUST00060,Tony,Q,King,Algeria,155,17975526373,2007-03-26,F
CUST00061,John,I,Stewart,Armenia,2213,26722439735,1973-03-30,F
CUST00062,Mary,K,Black,Malta,6071,91316208468,1995-11-08,M
CUST00063,Cheyenne,Q,Turner,Germany,5558,22157158758,1997-05-29,F
CUST00064,William,K,Black,Holy See (Vatican City State),3659,54350180908,1989-01-23,F
CUST00065,Jonathan,Q,Jimenez,Iraq,6565,58597772057,1984-04-11,M
CUST00066,Holly,Q,Bryant,Isle of Man,6663,83352281653,1967-08-22,F
CUST00067,Erin,K,Vasquez,Aruba,6074,53496162217,1976-12-09,F
CUST00068,Megan,U,Franco,Angola,9896,63491433232,1956-05-30,F
CUST00069,Howard,E,Mitchell,Guyana,4773,97146667472,1975-01-20,F
CUST00070,Rebecca,D,May,Wallis and Futuna,2299,41888844606,1984-12-01,F
CUST00071,Aaron,E,Vargas,Mali,8010,94236065867,1974-08-31,M
CUST00072,Jason,F,Hopkins,Lebanon,382,68101556652,1977-09-25,F
CUST00073,Janet,M,Frazier,Costa Rica,6020,93800417431,2005-07-25,M
CUST00074,Joseph,K,Hernandez,Jersey,412,09810303107,1986-11-09,F
CUST00075,Christopher,W,Coleman,Indonesia,5078,63269970093,1987-05-12,F
CUST00076,Timothy,Q,Mckay,Moldova,1346,46817741405,1988-07-28,M
CUST00077,Brittany,X,Perez,American Samoa,2985,11818029304,1958-04-25,M
CUST00078,Catherine,W,Patel,South Georgia and the South Sandwich Islands,2382,14495035024,1967-06-01,F
CUST00079,Andrew,M,Moore,Central African Republic,9760,16996446779,1974-04-10,M
CUST00080,Michelle,K,Smith,Austria,7624,57763356276,1996-12-16,F
CUST00081,Michael,Q,Andrews,Saudi Arabia,2742,65562995616,1957-05-19,F
CUST00082,Jerry,K,Fowler,El Salvador,3015,79083845137,2001-10-30,M
CUST00083,Wendy,X,Sanchez,Mali,7269,61699089508,1990-03-18,F
CUST00084,William,W,Ross,Burkina Faso,6990,84216950051,1983-12-24,M
CUST00085,Kristen,U,Reed,Lao People's Democratic Republic,7478,61533070764,1987-08-26,M
CUST00086,Paul,A,White,Switzerland,9513,87850406594,1968-11-06,F
CUST00087,Melinda,N,Johnson,Micronesia,511,11605115313,1994-07-29,F
CUST00088,Melinda,A,Lam,Falkland Islands (Malvinas),3044,16316035512,1981-10-10,F
CUST00089,Kristina,F,Castillo,Brazil,5204,37616464286,1991-05-17,M
CUST00090,Briana,K,Johnson,San Marino,1436,51605960111,1970-08-05,M
CUST00091,Nathan,M,Barnes,French Guiana,6530,71352776267,1971-12-26,M
CUST00092,Samuel,N,Buck,Korea,100,61207893812,1954-10-19,F
CUST00093,Sharon,E,Ritter,Malawi,9782,36690724284,2003-02-20,M
CUST00094,Kimberly,V,Price,Netherlands Antilles,9204,80122622007,1962-05-07,F
CUST00095,Allison,F,Hawkins,Jordan,6506,44930944472,2005-10-17,F
CUST00096,Susan,D,Williams,French Southern Territories,9900,63508593690,1988-12-20,M
CUST00097,Elizabeth,O,Flores,Denmark,785,86410224796,2002-02-12,F
CUST00098,Francis,M,Thompson,Kenya,3958,92187909702,1996-04-08,M
CUST00099,Jennifer,W,Gutierrez,Lithuania,6006,05486700559,1966-11-03,F
CUST00100,Regina,I,Brown,Mexico,2986,50022555872,2000-05-01,F
CUST00101,Zachary,H,Johnson,France,9479,69118228060,1981-06-17,F
CUST00102,Amy,E,Ferrell,Tanzania,5451,23312440870,1964-04-28,M
CUST00103,Gary,Q,Miller,Fiji,4494,63721403854,1955-05-20,M
CUST00104,Danielle,Y,Alexander,Yemen,5699,04828965801,1977-02-16,F
CUST00105,Amanda,V,Carr,Moldova,3474,77924498620,2005-02-04,F
CUST00106,Rebecca,B,Patterson,Tuvalu,1762,40248891623,1969-03-05,M
CUST00107,Nicholas,K,Allison,Saint Barthelemy,78,31040025397,1979-01-23,F
CUST00108,Jennifer,O,Hawkins,Monaco,4232,16030108884,1978-07-26,F
CUST00109,Carolyn,G,Casey,Brunei Darussalam,3213,47938839640,2006-02-19,M
CUST00110,Kaitlyn,V,Davis,Cuba,6045,85604064962,1967-08-19,M
CUST00111,Rose,I,Miller,Mauritania,6211,62021479592,1998-10-15,F
CUST00112,Yvonne,F,Lyons,Western Sahara,8702,93454491208,1955-08-19,F
CUST00113,Nichole,I,Moon,Jersey,2988,09840480210,1983-08-07,F
CUST00114,Phyllis,B,Moreno,Grenada,6105,45163637080,1999-09-01,M
CUST00115,Patrick,Y,Williams,Guadeloupe,5791,98380232327,1988-08-14,F
CUST00116,Todd,N,Brown,Belarus,2809,26054359268,2007-04-22,F
CUST00117,Heather,O,Morrison,Indonesia,3331,64657289617,1985-11-28,M
CUST00118,Jose,W,Roberts,Argentina,6494,38434250732,1989-03-07,M
CUST00119,Michelle,H,Meyers,Indonesia,6274,94472440841,1989-11-26,M
CUST00120,Desiree,Y,Wilkerson,Colombia,6530,18473654474,1955-05-24,F
CUST00121,Michael,S,Krueger,Bouvet Island (Bouvetoya),2470,23863805756,1974-05-17,M
CUST00122,Dan,C,Buckley,Thailand,7882,90245375466,1957-03-18,M
CUST00123,Dawn,K,Anderson,Aruba,9484,99720347697,1987-05-04,F
CUST00124,Kevin,T,Lawson,Burundi,959,06097583690,1960-04-23,M
CUST00125,Joshua,W,Hernandez,Saudi Arabia,841,06080435127,1956-01-25,F
CUST00126,Steven,T,Clark,Suriname,2944,86429430912,1978-12-29,F
CUST00127,Timothy,K,Callahan,French Southern Territories,5244,42950630775,1996-04-28,M
CUST00128,Karen,T,Long,Ireland,8075,76337060630,1975-11-11,M
CUST00129,Andrew,E,Jordan,Northern Mariana Islands,7047,64537953057,2005-11-14,F
CUST00130,Austin,N,Mendez,Namibia,1414,27365017649,1992-05-17,M
CUST00131,Melissa,F,Allen,Saint Lucia,9573,68226271720,1957-03-23,M
CUST00132,Brandon,L,Jensen,Guinea-Bissau,9949,73678333760,1960-05-12,F
CUST00133,Nicholas,X,Smith,Palestinian Territory,382,95340456942,1966-11-08,F
CUST00134,Nicole,G,Callahan,Brunei Darussalam,427,70317661898,1982-09-28,M
CUST00135,Jeffrey,Q,Thompson,Bouvet Island (Bouvetoya),2555,80961389024,1996-10-31,M
CUST00136,Stephanie,R,Garcia,Puerto Rico,7431,47264325509,1968-01-08,M
CUST00137,Chelsea,Z,Neal,Brazil,7141,96764566807,1995-12-04,M
CUST00138,Dustin,U,Levy,Lesotho,585,03458371106,1975-03-02,M
CUST00139,Maria,T,Browning,Bolivia,6162,49731532420,1978-07-16,M
CUST00140,Jesus,X,Turner,Ukraine,3853,38710733488,1979-05-09,M
CUST00141,Stephen,D,Davis,Jamaica,2453,91338535123,1962-07-28,F
CUST00142,Christopher,X,Oliver,Lebanon,7575,90833279712,2005-04-26,M
CUST00143,Tanya,Y,Murphy,Palau,510,46967121846,1989-09-18,F
CUST00144,Brad,F,Williams,Central African Republic,1792,70585996182,1963-03-06,F
CUST00145,Jeffrey,N,Harrington,Cyprus,3806,35047190590,1964-06-13,F
CUST00146,Erica,S,Coleman,Kiribati,4219,15208798046,1993-03-13,F
CUST00147,Jessica,J,Walsh,Korea,3864,78066824596,1971-10-13,F
CUST00148,Jessica,L,Baker,Uruguay,5586,09175259372,1983-09-14,M
CUST00149,Katelyn,Y,Campbell,South Africa,8085,58947010190,2003-08-24,M
CUST00150,Tina,Y,Gillespie,Macao,2420,83512093006,1996-03-11,F
CUST00151,Jill,Q,Lloyd,Nepal,1181,01180387228,1994-12-02,F
CUST00152,Jill,S,Horn,Belize,2513,31226533616,1965-08-29,M
CUST00153,Rebecca,R,Boyd,Bhutan,8148,10668459279,1971-05-08,F
CUST00154,Kristine,J,Rodriguez,Malawi,152,99699984779,1982-12-30,F
CUST00155,Roberto,L,Cox,Bermuda,5400,45364482223,2004-01-30,F
CUST00156,Erica,V,Ruiz,Poland,8783,83792426994,1976-10-05,M
CUST00157,Lori,U,Ashley,Lesotho,6176,48133097017,1985-05-05,M
CUST00158,Gary,A,Salazar,Luxembourg,8624,20562532064,1979-08-06,M
CUST00159,Ashley,O,Bell,Tonga,970,10333028153,1964-11-06,M
CUST00160,Lisa,T,Barnes,Liberia,6393,23320500631,2007-03-06,M
CUST00161,Tony,Q,Rose,Albania,2643,29868132082,1984-05-22,F
CUST00162,Jordan,R,Lin,Portugal,7927,90043960259,1970-11-05,F
CUST00163,Jessica,D,Freeman,Serbia,9110,42207793777,1977-09-03,F
CUST00164,Denise,W,Wilson,Maldives,7929,39405429291,1965-05-12,F
CUST00165,Diane,T,Frost,Saint Kitts and Nevis,6368,51485981122,1957-12-18,F
CUST00166,Catherine,O,Charles,Timor-Leste,3922,89739240234,1978-12-11,M
CUST00167,Christopher,Z,Cooper,Greenland,9422,90353508039,1983-12-03,M
CUST00168,Robert,B,Powers,Gibraltar,2391,21512374384,1992-09-16,F
CUST00169,Kristina,U,Callahan,Slovenia,7881,19339747283,1973-12-01,F
CUST00170,Eric,L,Aguilar,Venezuela,450,73561155372,1967-09-10,F
CUST00171,Erin,F,Castillo,Luxembourg,1215,84848599816,1968-12-02,F
CUST00172,Tamara,M,Patterson,Papua New Guinea,2554,62180327014,1984-05-20,M
CUST00173,Robert,Q,Saunders,Tokelau,7685,35675175819,1994-08-04,M
CUST00174,Julie,O,Cline,Ghana,5209,58406291309,1996-09-14,F
CUST00175,Donna,A,Williams,Ethiopia,7077,10010951478,1959-08-17,M
CUST00176,Jason,B,Hayes,Russian Federation,5508,04541120941,1985-07-21,F
CUST00177,Robert,C,Gregory,Botswana,3164,93239510103,1995-10-09,M
CUST00178,John,N,Carr,Poland,3978,53729165645,1992-11-02,F
CUST00179,Michelle,R,Payne,Eritrea,8476,64255820589,1994-10-07,M
CUST00180,Jacob,D,Phelps,Saint Lucia,4343,21791703367,1976-04-13,M
CUST00181,Matthew,Q,Hampton,United States Virgin Islands,2150,93443893504,1987-05-09,F
CUST00182,Anita,W,Cummings,Iran,5733,20887610849,1970-06-18,M
CUST00183,Travis,E,Cisneros,Vanuatu,8662,31827660001,1992-05-14,M
CUST00184,William,S,Ramirez,Niger,4161,26578411447,1988-03-28,F
CUST00185,Timothy,Y,Sanchez,Equatorial Guinea,5781,86009110460,1976-12-20,F
CUST00186,Laura,X,Miller,Denmark,8001,44953218124,1972-05-15,F
CUST00187,Jill,Z,Shaw,Brunei Darussalam,1289,15187879727,1988-11-21,F
CUST00188,Debra,J,Lowe,Cuba,8055,33784359918,1970-05-08,F
CUST00189,Melinda,V,Thomas,Guinea-Bissau,5964,03665704026,1986-04-19,M
CUST00190,Kevin,X,Dunn,Saint Barthelemy,4373,87600918128,1984-02-03,M
CUST00191,Angela,K,Cruz,Norway,9884,72001646173,1980-11-05,M
CUST00192,Jake,O,Brennan,Armenia,1619,60854071163,1959-02-10,F
CUST00193,Robert,J,Hamilton,Cuba,4231,53559561159,1955-12-21,M
CUST00194,Jennifer,Y,Maldonado,Cook Islands,4892,64993334985,1958-05-24,F
CUST00195,Erik,M,Rodriguez,Angola,8391,05421386581,1970-12-31,F
CUST00196,Charles,U,Burke,Saudi Arabia,7462,86692541390,2001-02-02,M
CUST00197,Christopher,R,Harrell,Slovakia (Slovak Republic),388,15338436667,1994-07-25,M
CUST00198,Kevin,V,Johnson,Liechtenstein,1609,46918558111,1984-02-15,M
CUST00199,Sarah,Z,Smith,Georgia,4365,67523801996,1970-02-20,F
CUST00200,Larry,S,Allison,Bahamas,8073,68434062910,1993-05-29,F
CUST00201,Jonathan,N,Terry,Mexico,2899,50842227939,1968-07-13,F
CUST00202,Allison,I,Skinner,Timor-Leste,6962,16079274927,1995-08-18,F
CUST00203,Bryan,N,Roy,American Samoa,9701,77132836060,1998-05-24,M
CUST00204,Kimberly,L,Goodwin,Kazakhstan,7681,75430892920,1965-11-18,F
CUST00205,Laura,I,Harrell,Russian Federation,5176,80585983285,1988-06-19,M
CUST00206,Kayla,X,Rivera,Chad,9913,32741323661,1986-02-26,F
CUST00207,Tiffany,I,Nguyen,Aruba,3054,35280638545,1998-07-25,M
CUST00208,Mary,G,Jordan,Norway,1199,28668436402,1990-06-17,M
CUST00209,Ashley,C,Johnson,Nepal,1883,95947710428,1964-11-08,M
CUST00210,Wayne,O,Tucker,Netherlands Antilles,460,80657808162,1997-06-14,F
CUST00211,Ryan,X,Esparza,Nigeria,526,30676962237,1986-12-08,M
CUST00212,Tina,Q,Thomas,Guinea,9845,63158010225,1963-03-25,M
CUST00213,Neil,H,Jones,Albania,5976,21805892113,1966-06-11,F
CUST00214,Cynthia,G,Ruiz,Pitcairn Islands,5089,04275237255,1958-05-07,M
CUST00215,Ashley,P,Mosley,Hungary,567,33730902636,1989-03-03,F
CUST00216,Julie,B,Espinoza,Vanuatu,157,60218456149,1962-01-02,M
CUST00217,Kaylee,X,Morris,American Samoa,661,99590845304,1964-01-21,F
CUST00218,Kimberly,D,Swanson,New Zealand,9017,39322585527,2007-04-13,F
CUST00219,Cassandra,P,Hill,Palestinian Territory,8473,74678398587,1969-06-11,M
CUST00220,Jason,X,Brooks,Tanzania,1557,22930765203,1997-12-03,F
CUST00221,Rachel,M,Walker,Guinea-Bissau,4931,36425790818,2005-06-10,M
CUST00222,Kayla,A,Wiggins,Korea,3515,20011187349,1996-07-14,M
CUST00223,Tonya,G,Schneider,Turkey,414,93667762556,1980-03-21,M
CUST00224,Alexandra,G,Flores,India,7662,87323208176,2005-12-18,M
CUST00225,Mike,E,Fischer,Lebanon,634,60576639706,1992-11-22,F
CUST00226,Lauren,P,Torres,San Marino,3954,29247541112,1956-03-08,M
CUST00227,Jerry,I,Dunlap,Tonga,1162,26539702047,1979-05-19,M
CUST00228,Joshua,G,Turner,South Africa,4680,91551631752,1969-01-03,F
CUST00229,Margaret,Q,Chandler,Guam,5758,46072535225,1995-02-24,F
CUST00230,Tammy,Q,Jackson,Algeria,2442,14121532845,1980-05-11,F
CUST00231,Adam,M,Lewis,Aruba,1548,83462535260,1958-09-17,F
CUST00232,Christine,G,Wallace,Ecuador,4762,20160000366,1964-03-02,M
CUST00233,Gregory,F,Campbell,Djibouti,7641,97128734851,1980-05-20,F
CUST00234,Leon,N,Oconnor,Reunion,6457,62692721670,2004-10-03,F
CUST00235,Jerry,J,Kaufman,Poland,9672,03374086959,2005-08-26,F
CUST00236,Jessica,Z,Sanchez,Puerto Rico,5575,00435674523,2000-11-23,F
CUST00237,Jared,G,Middleton,Guernsey,6259,49284019930,2006-04-08,F
CUST00238,Peter,C,Bishop,Sweden,6691,53458377243,1971-05-07,M
CUST00239,Elizabeth,S,Schultz,Reunion,9140,12139592322,2002-04-27,M
CUST00240,Crystal,D,Parker,Croatia,5348,58676092133,1959-04-24,M
CUST00241,James,X,Smith,Guatemala,5831,98967726586,1980-08-06,M
CUST00242,Daniel,L,Johnston,Congo,2128,00171482628,1965-11-19,M
CUST00243,William,P,Frost,Aruba,8824,44260169189,1973-09-08,M
CUST00244,Kimberly,J,White,Cambodia,6771,54323584066,1979-10-06,M
CUST00245,Julia,N,Delacruz,Latvia,1273,71250535387,1995-09-14,F
CUST00246,Anna,O,Shaw,Seychelles,7209,67002784700,1975-07-24,F
CUST00247,Dean,E,Taylor,Algeria,6451,92906252230,1966-07-10,F
CUST00248,Gerald,V,Johnson,Kuwait,5534,83313658300,1990-11-30,F
CUST00249,Shawn,X,Stewart,Tuvalu,486,72458894059,1954-09-07,F
CUST00250,Jennifer,R,Martin,Morocco,3038,98297855007,1987-06-23,M
CUST00251,Thomas,O,Green,Djibouti,427,04519957269,2002-01-30,M
CUST00252,Deanna,C,Lee,Senegal,2679,12837418137,1985-12-25,M
CUST00253,Ryan,U,Flynn,Svalbard & Jan Mayen Islands,843,95034953821,1998-05-14,F
CUST00254,Jon,R,Williams,Cocos (Keeling) Islands,6790,03076659504,1975-01-21,M
CUST00255,Tracey,F,Martinez,French Guiana,7325,91080561930,1997-06-21,M
CUST00256,Robert,O,Morales,Vietnam,2918,50048774373,1992-03-02,F
CUST00257,Mitchell,J,Howell,Saint Helena,8861,27198190938,1980-01-15,M
CUST00258,Arthur,M,Hill,Faroe Islands,4725,90140792746,1960-03-01,M
CUST00259,Amy,Z,Webster,Puerto Rico,7927,58807254863,1983-08-08,M
CUST00260,Angela,G,Mccarthy,Saint Vincent and the Grenadines,6991,87493904076,1976-04-22,M
CUST00261,Shelby,Y,Todd,Finland,3743,92867837628,1985-05-27,F
CUST00262,Richard,R,Benjamin,Canada,1185,13727295072,1956-10-01,M
CUST00263,Logan,G,Foster,Venezuela,1672,47399919664,1982-06-24,M
CUST00264,Rachel,N,Blake,Moldova,2498,19893921160,1963-02-06,F
CUST00265,Jennifer,D,Jackson,Ukraine,4920,98996528555,1988-04-22,M
CUST00266,Yolanda,L,Webb,Bolivia,725,53590907948,1982-09-28,M
CUST00267,Lindsey,F,Brown,Gibraltar,5566,48096531130,1977-10-04,M
CUST00268,Michael,V,Smith,Czech Republic,7509,97226798637,1988-12-13,F
CUST00269,Michaela,M,Pham,Montenegro,8011,14300160975,1996-07-18,F
CUST00270,Lisa,T,Rodriguez,New Caledonia,7298,71457387321,1973-03-05,F
CUST00271,Pamela,V,Ortiz,Costa Rica,3432,75835788937,1997-10-29,F
CUST00272,Michelle,M,Bell,Indonesia,9663,05986241791,1995-07-27,F
CUST00273,Courtney,Y,Singleton,Afghanistan,6544,27849236220,1996-06-12,M
CUST00274,Kristy,Q,Hayes,Morocco,6039,38200366052,2001-09-10,M
CUST00275,Donna,P,Henry,Bahamas,447,18893486799,2006-07-07,M
CUST00276,Kyle,B,Meyers,Algeria,7219,74592079630,1956-12-10,M
CUST00277,Rebecca,B,Morrison,Burundi,8274,73422589466,1970-03-02,M
CUST00278,Sara,V,Clements,Canada,5645,93442419062,1981-09-30,M
CUST00279,Ronald,Q,Barnett,Zambia,273,31827592124,1977-04-19,F
CUST00280,Mark,C,Rivas,Paraguay,1246,03111428475,2001-11-07,M
CUST00281,Courtney,S,Duran,Christmas Island,1370,34963782066,1970-12-26,M
CUST00282,Robert,W,Burns,Saint Vincent and the Grenadines,2230,27249800390,1977-06-11,M
CUST00283,Craig,H,Francis,Pitcairn Islands,7787,81830241829,1969-03-25,M
CUST00284,Jason,I,Martin,Serbia,679,92704047239,1976-11-27,F
CUST00285,Tiffany,B,Sloan,Tanzania,906,98714237737,1972-10-11,M
CUST00286,Steven,J,Schmidt,Senegal,1540,51840879042,1981-04-15,M
CUST00287,Catherine,Z,Mullins,Western Sahara,9312,33991289413,1996-09-16,F
CUST00288,Tina,H,Pena,Norway,8237,19021286798,1976-09-14,M
CUST00289,Kimberly,X,Waters,Dominican Republic,5658,79510040298,1963-09-17,F
CUST00290,Crystal,D,Davis,Namibia,8086,89697072470,1961-10-31,M
CUST00291,Brian,O,Brown,India,9921,93831143743,2005-04-29,M
CUST00292,Jennifer,Y,Perry,Mexico,3015,65168008595,1965-12-01,F
CUST00293,Victoria,N,Hansen,Gambia,2910,33957983813,1955-08-24,M
CUST00294,Nicole,Y,Dalton,Trinidad and Tobago,6999,37395295838,1987-03-20,F
CUST00295,Mary,L,Moore,Uruguay,4447,02995600520,1998-09-16,M
CUST00296,Matthew,W,Lewis,New Caledonia,9928,80771591981,1954-07-13,F
CUST00297,Andre,R,Henry,Indonesia,3175,32502777442,1973-06-16,F
CUST00298,Robert,E,Hunt,Israel,2019,01685192647,1963-10-09,M
CUST00299,Manuel,U,Velasquez,Holy See (Vatican City State),5037,87592024602,1997-07-11,M
CUST00300,Austin,M,Lopez,Azerbaijan,168,03588694209,1969-08-24,M
CUST00301,Paul,K,Moore,French Southern Territories,1575,23843058011,1972-08-27,M
CUST00302,Joe,C,Cooper,Uzbekistan,7438,75285559798,1997-12-09,M
CUST00303,Kelly,A,Barnes,Romania,4373,47019288718,1998-06-20,F
CUST00304,Vernon,O,Kaufman,Tajikistan,312,37748724178,1970-06-20,F
CUST00305,Stacey,O,Clay,Sudan,3509,76061413387,1969-11-09,M
CUST00306,Christina,U,Russell,Russian Federation,6585,61344800988,1986-04-06,F
CUST00307,Pamela,P,Chavez,Uganda,9375,41584931130,1981-06-21,M
CUST00308,Caroline,G,Martinez,United States Virgin Islands,1610,92755755430,2002-04-25,F
CUST00309,Robert,H,Hughes,Cayman Islands,5804,82540631027,1982-05-02,F
CUST00310,Joel,A,Reynolds,Burundi,3876,09390095368,1963-01-15,F
CUST00311,Michael,D,Parker,Denmark,9377,95023969407,1954-12-02,M
CUST00312,Michael,I,Burke,Jordan,6120,10535101116,2001-12-04,F
CUST00313,Edward,S,Madden,Albania,4159,87845780450,1975-03-27,F
CUST00314,Linda,O,Barry,Pitcairn Islands,8306,91787677194,1957-07-14,F
CUST00315,Andrea,U,Ingram,Montenegro,2596,13733441683,1984-08-17,M
CUST00316,Chris,C,Schroeder,Saint Barthelemy,2188,14317994492,2005-02-10,F
CUST00317,Mark,L,Barnes,Vietnam,1100,39977046094,1998-11-27,M
CUST00318,Jessica,F,Doyle,Netherlands Antilles,2464,62863347550,1977-11-08,M
CUST00319,Ashley,Q,Soto,Israel,7140,65612375065,1973-06-20,M
CUST00320,Amanda,Y,Willis,Saudi Arabia,1945,41178273236,1956-06-11,M
CUST00321,Kristen,T,Scott,Vietnam,4330,90893166091,2006-03-11,F
CUST00322,Brandi,Q,Morris,Saint Barthelemy,660,43366173242,1964-10-05,M
CUST00323,Sara,B,Stephens,Palestinian Territory,3912,07809355877,1974-01-07,M
CUST00324,Curtis,T,Pena,Sri Lanka,1557,84602519504,1965-06-07,M
CUST00325,Richard,X,Castro,Anguilla,8342,58669875876,1976-07-24,M
CUST00326,Christina,A,Jones,Kenya,274,63057541723,1972-06-22,M
CUST00327,Brett,H,Orozco,Djibouti,6613,69557278723,2001-07-04,M
CUST00328,Karen,F,Fox,Saint Lucia,9293,04796161435,1976-08-14,F
CUST00329,Stephanie,S,White,Greenland,694,56528557864,1976-05-21,M
CUST00330,Taylor,N,Rosales,Comoros,2971,20356147613,1989-08-12,F
CUST00331,Heather,Z,Lambert,Libyan Arab Jamahiriya,7335,28238269259,2002-08-30,M
CUST00332,Adam,U,Sweeney,Korea,5810,96192226060,2004-01-11,M
CUST00333,Robert,G,Bennett,Costa Rica,6465,57511581292,1966-11-17,F
CUST00334,Erica,H,Abbott,Italy,1257,80871389354,1998-07-01,M
CUST00335,Jeffrey,B,Hancock,France,2162,65644617968,1997-10-29,F
CUST00336,Crystal,A,Harris,Antigua and Barbuda,8319,79098316982,1959-05-23,M
CUST00337,Kelsey,E,Downs,Senegal,3606,55466598891,1957-04-29,F
CUST00338,Amy,V,Jones,Tanzania,7880,87932035768,1979-03-01,F
CUST00339,Devin,J,Sanchez,Uruguay,8543,29651645725,1977-12-01,F
CUST00340,Aaron,I,Gomez,Botswana,7946,31127662659,1969-09-06,M
CUST00341,Andrew,C,Garcia,Algeria,1919,18536625715,1962-07-04,M
CUST00342,James,I,Crane,Switzerland,3272,87604529868,1962-08-06,M
CUST00343,James,Q,Russo,Costa Rica,438,04643971305,1998-07-05,F
CUST00344,Gabrielle,X,Maxwell,Nauru,7002,48425640504,1976-10-24,M
CUST00345,Craig,U,Hester,Taiwan,7585,22063031274,1974-11-25,F
CUST00346,Bobby,B,Farrell,Greenland,335,35062535559,1957-10-22,F
CUST00347,Robert,U,Gibson,Svalbard & Jan Mayen Islands,1953,54797254788,1966-06-20,F
CUST00348,Amy,A,Davis,Iran,4912,76999153772,1988-05-07,F
CUST00349,Michael,L,Johnson,Ethiopia,1529,08616465023,1956-10-09,M
CUST00350,Victoria,N,Williams,Korea,9625,81629494612,1981-01-21,M
CUST00351,Heather,T,Wood,Maldives,5369,68591753159,1994-10-03,M
CUST00352,Stephen,A,Hodge,Gambia,7998,86030291561,2004-07-09,M
CUST00353,Eddie,G,Brown,Benin,1386,64410498894,1973-07-21,M
CUST00354,Gerald,B,Cochran,Bhutan,3758,82285169817,1961-09-15,M
CUST00355,Alexis,Q,Moore,Benin,4675,43439645418,1971-09-15,F
CUST00356,Melissa,V,Powell,Solomon Islands,6822,58024280127,1972-10-11,M
CUST00357,Julie,T,Riggs,Slovakia (Slovak Republic),7341,86507130159,1996-12-08,F
CUST00358,Corey,F,Mckee,Sri Lanka,9589,50151400941,1997-08-23,M
CUST00359,John,H,Dennis,Albania,2094,29971370483,1994-05-14,M
CUST00360,Laura,V,Ray,Bangladesh,3589,65733258196,1992-05-14,F
CUST00361,Mindy,H,Ruiz,Vietnam,9760,52191295079,1990-06-11,M
CUST00362,Tracy,Q,Guzman,Venezuela,9666,74241860123,1970-08-03,M
CUST00363,Theresa,O,Scott,Lebanon,4061,23551001309,1987-04-10,F
CUST00364,Amanda,W,Mccarthy,Brunei Darussalam,3100,30372767996,1991-06-08,M
CUST00365,Lisa,R,Smith,Isle of Man,8716,37462485776,1983-01-16,F
CUST00366,Jacob,O,Bowman,Bermuda,9914,07956365139,1971-11-21,F
CUST00367,Justin,M,Lambert,Belarus,4187,30721580498,1999-09-12,F
CUST00368,David,X,Parker,Monaco,6119,76287904898,2004-10-09,F
CUST00369,Travis,J,Patrick,Ghana,1310,75293532042,1987-12-23,F
CUST00370,Lisa,J,Garcia,Sierra Leone,510,09989290951,2003-04-26,F
CUST00371,Stephanie,O,Barajas,Namibia,3798,78875500480,1982-10-17,F
CUST00372,Mark,N,Fischer,Brazil,7194,04435054605,1968-04-27,F
CUST00373,Mark,Y,Middleton,Bhutan,4304,58403295443,1995-12-15,F
CUST00374,Nicholas,G,Mcdonald,Mayotte,941,75359610030,1955-01-22,M
CUST00375,Tiffany,Z,Jackson,Holy See (Vatican City State),4726,98968107981,2001-06-06,F
CUST00376,Guy,U,Kaiser,Burkina Faso,8879,72901631130,1963-09-12,M
CUST00377,Carl,Y,Bean,Iraq,8514,68929769132,1981-06-20,F
CUST00378,Jennifer,Q,Mclean,Azerbaijan,7246,11310513264,1983-12-02,F
CUST00379,David,C,Neal,Macao,2013,01915411779,2005-07-10,M
CUST00380,Donald,K,Moss,Saint Kitts and Nevis,228,91017162126,2004-11-08,F
CUST00381,David,S,Adams,Antarctica (the territory South of 60 deg S),3019,73755199785,1961-06-29,F
CUST00382,David,L,Cherry,Nigeria,3536,78973643959,1968-04-18,M
CUST00383,David,T,Ford,Canada,8408,70023584008,1991-03-03,F
CUST00384,Jared,K,Boyer,Hong Kong,8462,77289774677,1962-06-27,F
CUST00385,Devin,V,Dillon,Iceland,1403,59973348189,1967-06-14,M
CUST00386,Aaron,Q,Payne,Ukraine,6084,72214230421,1984-02-11,M
CUST00387,Tara,A,Dunn,Taiwan,2988,75465813540,1985-03-28,F
CUST00388,Michael,N,Castaneda,Pitcairn Islands,1417,16529275865,1977-05-18,F
CUST00389,Julia,L,Ortega,Thailand,8185,95386054965,2004-06-25,F
CUST00390,Karen,H,Dickson,Myanmar,1144,98490156604,1999-09-02,F
CUST00391,Christopher,P,Jackson,Svalbard & Jan Mayen Islands,2864,53486089447,1994-11-27,F
CUST00392,William,R,Bernard,Equatorial Guinea,8820,93466255964,1983-05-07,M
CUST00393,Todd,M,Hamilton,Argentina,6241,01444052284,1956-10-19,F
CUST00394,Kevin,O,Martin,Congo,6763,53301689305,1985-03-16,F
CUST00395,Tonya,I,Reyes,Sao Tome and Principe,4719,75011510186,2003-10-15,F
CUST00396,Amanda,W,Clayton,Djibouti,7130,84394569876,1957-09-03,F
CUST00397,David,Y,Byrd,Heard Island and McDonald Islands,6516,62619596331,1992-02-23,M
CUST00398,Sheena,F,Valentine,Bouvet Island (Bouvetoya),9140,61491628466,1956-05-15,M
CUST00399,Elizabeth,M,Burke,Russian Federation,1955,88177045464,1964-12-04,F
CUST00400,Pamela,Z,Moore,Kuwait,6291,20405459581,1981-12-01,F
CUST00401,Christine,O,Rivera,Armenia,2530,51904122586,2007-03-20,F
CUST00402,Jeremy,F,Johnson,Zambia,8568,40269884687,1979-04-07,M
CUST00403,Bernard,A,Wheeler,Romania,8102,93403132802,1972-09-06,F
CUST00404,Mark,V,Herrera,Brazil,3235,70821074416,1998-07-07,M
CUST00405,Thomas,B,Rodriguez,Central African Republic,3758,40639807668,1991-04-18,F
CUST00406,Melinda,M,Camacho,Bosnia and Herzegovina,6499,22952820114,2006-12-18,F
CUST00407,Elizabeth,Q,Williams,Cuba,2151,43035509732,1970-06-20,M
CUST00408,Kelly,C,Holland,Israel,9587,38118492758,2002-11-08,M
CUST00409,Mark,J,Melton,Bahrain,7936,52858905288,1997-08-22,M
CUST00410,Kyle,E,Hood,Burundi,1341,47891309952,1982-09-21,M
CUST00411,Tiffany,R,Robinson,Bouvet Island (Bouvetoya),7711,61851707084,1960-03-18,F
CUST00412,Cassandra,R,Miller,Nigeria,7879,61558662302,1976-06-24,M
CUST00413,Michael,N,Weaver,Palau,6625,60244474092,1977-02-21,F
CUST00414,Allison,I,Neal,India,4214,07092104250,1999-06-04,M
CUST00415,Eddie,I,Martinez,Maldives,8059,78619365884,1980-03-18,M
CUST00416,Patricia,U,Russell,Tunisia,2111,44263470172,2003-03-27,F
CUST00417,Robert,S,Henderson,Vietnam,2442,43418364392,1989-10-27,M
CUST00418,Michael,O,Garcia,Faroe Islands,6719,16247017855,1973-08-05,M
CUST00419,Madeline,N,Schmitt,Iraq,6612,57390462528,1984-05-08,F
CUST00420,William,S,Powers,Morocco,6194,92690109331,1996-10-17,M
CUST00421,Kristine,C,Brandt,Thailand,9889,97210757917,1990-06-09,M
CUST00422,Brendan,W,Jones,Iran,7612,60616695723,1998-11-28,F
CUST00423,Tyler,E,Richardson,Sweden,4284,88083324897,2003-09-03,M
CUST00424,James,Y,Sanchez,Uzbekistan,2810,61760774705,1960-07-16,F
CUST00425,Tracy,B,Yu,Tunisia,5018,52328176556,1978-05-26,F
CUST00426,Brian,X,Green,South Africa,2747,36546306810,1983-03-09,F
CUST00427,Gregory,N,Curry,Netherlands Antilles,399,69673460152,1959-11-29,F
CUST00428,William,R,Atkins,Ethiopia,269,94335204424,1984-02-25,F
CUST00429,Beth,O,Cook,Norway,5884,22671130405,2001-09-18,F
CUST00430,Thomas,H,Gonzalez,Isle of Man,4928,71252944380,1975-02-23,F
CUST00431,Elizabeth,U,Brown,Estonia,7320,83760313542,1974-01-05,F
CUST00432,Keith,I,Ortiz,Spain,931,67497411185,1987-02-24,F
CUST00433,William,T,Boyle,Gibraltar,4196,06471732390,1963-07-01,F
CUST00434,Vanessa,J,Vasquez,Italy,6378,65092633184,1995-07-26,M
CUST00435,Elizabeth,K,Mora,Lesotho,504,70385887050,1955-04-26,F
CUST00436,Christine,T,Rivas,Sri Lanka,5528,69057766420,1995-05-21,M
CUST00437,Robert,H,Hart,Kenya,5940,55598921168,1960-12-26,F
CUST00438,Amy,G,Harvey,Mauritania,9879,79746939584,2004-11-23,F
CUST00439,Laura,C,Cunningham,Bosnia and Herzegovina,1009,20636455442,1989-03-19,F
CUST00440,Susan,H,Tyler,Somalia,501,37978289479,1992-04-11,M
CUST00441,Russell,B,Wyatt,Papua New Guinea,8846,63587995880,1976-09-27,F
CUST00442,Lisa,Y,Martin,Central African Republic,3583,17707817267,1992-02-25,F
CUST00443,Sabrina,S,Simon,Guinea-Bissau,3351,99723636531,1986-07-22,M
CUST00444,Shirley,U,Thornton,Sweden,9229,70228878319,1970-11-06,F
CUST00445,Renee,L,Herrera,Mali,7908,14368108680,2002-05-07,M
CUST00446,Kevin,K,Brown,Singapore,2840,38178279278,2003-09-28,F
CUST00447,Crystal,W,Rodriguez,Saint Kitts and Nevis,1551,51981465103,1988-05-27,M
CUST00448,James,S,Richardson,Yemen,739,94576735263,2000-12-25,M
CUST00449,Joanna,D,Whitney,Cuba,8510,56133564888,1993-10-22,F
CUST00450,Lisa,M,Peterson,Azerbaijan,8713,37549352101,1986-02-12,M
CUST00451,Scott,C,Brown,Guam,4880,21401087076,2002-02-21,M
CUST00452,Denise,A,Smith,Poland,5421,20702815153,1962-07-18,M
CUST00453,Rhonda,D,Moss,Romania,1190,40720447854,1985-10-30,M
CUST00454,Michelle,O,Archer,Montenegro,3039,34077310368,1964-09-04,F
CUST00455,Michael,R,Lewis,Gibraltar,9380,67053720729,1954-07-19,M
CUST00456,Aaron,A,Stewart,Saint Helena,7649,38777614136,1988-04-14,M
CUST00457,Bradley,H,Taylor,Guinea-Bissau,4461,61596267694,1964-07-18,F
CUST00458,Joshua,Z,Ramirez,Bangladesh,145,24052641796,1970-08-31,M
CUST00459,Darryl,S,Wiggins,Kyrgyz Republic,8154,62854958812,2006-04-10,F
CUST00460,John,C,Arnold,Jamaica,7181,22384603027,2001-06-09,F
CUST00461,Tonya,Y,Mcclain,Turkey,3033,45246993141,1995-09-22,F
CUST00462,Troy,A,Lutz,Estonia,9369,40430301213,1972-01-18,F
CUST00463,Robert,Q,Hays,Belgium,4527,88797570138,1963-11-04,F
CUST00464,Edward,K,Moore,Egypt,3396,33099300104,1968-07-17,F
CUST00465,Danny,W,Francis,Iceland,6665,45883263528,1974-12-24,M
CUST00466,Mark,T,Phillips,Grenada,8642,97376595258,1976-02-26,M
CUST00467,Rodney,A,Blair,Antigua and Barbuda,1306,90775377567,1975-01-18,F
CUST00468,Rachel,I,Howard,Monaco,760,08345137885,1989-07-03,M
CUST00469,Kimberly,Y,Downs,New Caledonia,549,67429776478,1956-10-29,M
CUST00470,Sara,V,Rodriguez,Japan,9906,17671947142,1986-02-14,F
CUST00471,Joshua,C,Byrd,Pitcairn Islands,1551,33667091236,2005-03-27,F
CUST00472,David,Z,Lawrence,Korea,2888,93064306210,1979-11-22,F
CUST00473,Edward,M,Kaufman,Mauritania,452,04067187092,1980-09-18,M
CUST00474,Jessica,M,Day,Algeria,6075,79497991619,2001-05-14,F
CUST00475,Sean,D,Gilbert,Thailand,4386,87967713815,1962-11-28,M
CUST00476,Jeffrey,C,Robertson,Sierra Leone,5096,92740556110,1999-11-02,F
CUST00477,Rebecca,J,Allen,Gibraltar,8961,69504199761,1966-07-21,F
CUST00478,Joseph,Z,Richardson,United States Virgin Islands,3525,21569495574,1966-07-30,F
CUST00479,Katie,C,Johnson,Saint Martin,7141,75440112888,1956-10-04,M
CUST00480,James,X,Roberts,Comoros,3563,88402079259,1958-04-20,M
CUST00481,Scott,E,Oneal,United Arab Emirates,9660,83686010429,1960-12-19,F
CUST00482,Andrew,B,Harris,Oman,4080,61329379188,2006-05-25,F
CUST00483,Brenda,X,Johnson,Vanuatu,2989,18911741659,1978-10-17,M
CUST00484,Nathan,N,Ray,Switzerland,9140,35929819708,1994-05-11,M
CUST00485,Ashley,H,Bryant,Reunion,1254,93599918340,1977-06-21,F
CUST00486,Toni,Q,Hill,Isle of Man,851,42714907264,1995-06-05,F
CUST00487,Michelle,M,Young,Saint Helena,768,17865295830,2006-08-02,F
CUST00488,Alexander,T,Dominguez,Bolivia,187,40513332281,1990-10-28,M
CUST00489,Elizabeth,W,Ramos,Cayman Islands,954,75850731257,1987-04-30,M
CUST00490,Brenda,L,Wilson,Faroe Islands,7503,25495726304,1995-09-18,F
CUST00491,Thomas,F,Newman,Uzbekistan,9220,38740466707,1963-09-18,F
CUST00492,Jeffrey,Q,English,Guernsey,1608,87555096565,1971-01-18,M
CUST00493,Andrea,X,Mayo,Australia,4391,07308250379,1985-05-24,M
CUST00494,Daniel,S,Reeves,Zambia,7278,19886116738,1975-10-27,M
CUST00495,Raymond,I,Edwards,Maldives,481,67524166533,1954-10-17,M
CUST00496,Michael,V,Mooney,Cayman Islands,1645,96879944691,1971-09-24,M
CUST00497,David,P,Myers,American Samoa,301,25078182673,1964-02-10,F
CUST00498,Connor,B,Molina,Tonga,6479,61153018308,1992-03-18,F
CUST00499,Rachel,D,Green,Croatia,5908,17722110214,1959-11-04,M
CUST00500,Randy,Q,Jones,Switzerland,1213,01408114934,1977-05-13,M
CUST00501,Janet,D,Woods,Barbados,4187,19375266218,1975-04-01,M
CUST00502,Roberto,P,Martin,San Marino,3402,11580769431,1992-09-20,M
CUST00503,Carol,T,Wilson,Uganda,8069,52670651639,1972-04-20,F
CUST00504,Heather,G,Taylor,Sri Lanka,3693,45564684134,2005-05-05,F
CUST00505,Jermaine,C,Cordova,Latvia,7718,42618391953,1961-09-08,F
CUST00506,Brandon,T,Smith,Suriname,6476,74557001016,1972-06-26,F
CUST00507,Robert,Z,Stuart,Jersey,8904,60315665726,1996-06-28,F
CUST00508,Kevin,P,Adams,Benin,2533,74530787302,1995-08-03,M
CUST00509,Dana,U,Evans,Turkey,9846,42037324637,1986-12-05,M
CUST00510,Travis,J,Anderson,Dominican Republic,4408,32835011566,2005-04-23,M
CUST00511,Christopher,F,Barker,France,6656,28087570143,1986-11-08,F
CUST00512,John,M,Vargas,Nepal,8228,44501416604,1973-06-04,M
CUST00513,Amy,B,Vazquez,Antarctica (the territory South of 60 deg S),4234,10128344617,1987-03-31,M
CUST00514,Courtney,X,Arroyo,Western Sahara,305,52503419748,1983-08-08,F
CUST00515,Daniel,L,Warren,French Southern Territories,2173,51625099363,1957-08-16,M
CUST00516,Julie,I,Hernandez,Argentina,8777,56455692105,1970-11-19,M
CUST00517,Jeremy,T,Hubbard,Guinea-Bissau,7492,81408596008,2004-11-17,M
CUST00518,Regina,B,Wagner,Senegal,5513,28031456041,1963-07-08,F
CUST00519,Jennifer,B,Campbell,Bahrain,5953,61640165353,1990-03-08,F
CUST00520,Ralph,X,Harris,Gabon,7274,72355437959,1973-07-20,F
CUST00521,Darryl,D,Mcmahon,Oman,9765,01606210632,1983-01-17,M
CUST00522,Jose,Q,Young,British Indian Ocean Territory (Chagos Archipelago),9020,19032026000,1976-07-17,F
CUST00523,Catherine,S,Miller,Tanzania,7332,78588091394,1959-06-30,M
CUST00524,William,Z,Ramirez,Germany,500,35499854419,1962-09-03,M
CUST00525,Deborah,A,Dunlap,Norway,3324,07354946314,1968-10-30,F
CUST00526,Thomas,I,Thomas,United States Virgin Islands,823,08632792973,1974-09-03,M
CUST00527,Jeremy,B,Russell,Jersey,8851,01603903983,2004-05-04,M
CUST00528,Larry,M,Lawson,Angola,9647,04395817614,1969-08-10,F
CUST00529,Edgar,F,Jones,Taiwan,3350,81965560627,1977-09-19,M
CUST00530,John,Q,Munoz,Tajikistan,2899,98502804044,1997-12-27,M
CUST00531,Jessica,E,Wise,Faroe Islands,1532,29121633065,1958-10-14,M
CUST00532,Desiree,Q,Nolan,Belize,5357,39203259688,1956-03-23,F
CUST00533,Ricardo,H,Moore,Benin,4903,76830379064,1990-03-18,F
CUST00534,Sandra,C,Ibarra,Tanzania,9099,14341210256,1957-10-30,M
CUST00535,Paul,V,Brown,Guyana,8230,03277402915,1970-06-19,F
CUST00536,Rebecca,H,Spencer,Jersey,9303,58318216182,1962-06-07,F
CUST00537,Joseph,N,Miller,Puerto Rico,4565,83304183338,1964-03-06,M
CUST00538,Pam,K,Ramsey,Yemen,5232,69108583080,1997-05-09,M
CUST00539,Allen,P,Brennan,Andorra,6570,48243016631,1976-06-07,M
CUST00540,Michael,H,Velez,Micronesia,7138,34380874913,1985-06-30,F
CUST00541,Samantha,M,Reyes,Kenya,7703,25369284910,1992-11-30,M
CUST00542,Michael,S,Ellis,Korea,7187,98432595476,1993-11-07,M
CUST00543,Wesley,R,Jones,Bangladesh,104,33313835959,1988-08-06,F
CUST00544,Jennifer,S,Thompson,Faroe Islands,4590,94427360974,1985-09-25,M
CUST00545,Amanda,D,Singh,Korea,2117,63340793289,1960-05-05,F
CUST00546,Dylan,J,Lawrence,Israel,5786,84028387446,1972-12-14,F
CUST00547,Julie,R,Mercer,Barbados,4233,53470111568,1959-12-22,M
CUST00548,Tara,J,Cannon,Russian Federation,4422,75160320892,1983-03-20,M
CUST00549,Amy,B,Austin,Saint Helena,6052,02530881184,1977-01-22,F
CUST00550,Miguel,T,Hammond,Latvia,8169,49007642592,1958-09-04,M
CUST00551,John,V,Myers,Austria,9631,66001919293,1968-07-20,F
CUST00552,Shawn,T,Merritt,Belarus,9015,85918035172,1978-03-16,F
CUST00553,Lauren,L,Scott,Wallis and Futuna,6582,27465362590,1997-12-13,M
CUST00554,Jessica,H,Smith,Japan,2044,53388178237,1985-05-09,F
CUST00555,Andrew,P,Lamb,Mayotte,2496,75449053978,1956-06-11,M
CUST00556,George,R,Kemp,Syrian Arab Republic,2291,08136030715,1967-02-09,M
CUST00557,Keith,S,Cannon,Albania,6194,93921461140,1975-08-03,M
CUST00558,April,K,Dalton,South Georgia and the South Sandwich Islands,3126,13774393263,2003-03-05,M
CUST00559,Robert,V,Deleon,Korea,3531,81405441528,1997-06-28,F
CUST00560,Debbie,X,Dixon,New Caledonia,3687,51480664891,1977-02-16,F
CUST00561,Pamela,T,Anderson,Vietnam,2623,29818543622,1963-09-02,M
CUST00562,Erik,U,Stein,Sri Lanka,252,43731338094,1996-02-26,M
CUST00563,Kelly,S,Ruiz,Russian Federation,1461,02096559357,2003-02-22,M
CUST00564,Garrett,V,Perez,Antigua and Barbuda,703,12285083130,1964-04-11,F
CUST00565,Anthony,J,Mahoney,China,5034,64546386190,1967-09-11,F
CUST00566,Gary,N,Garcia,Monaco,5484,74339347928,1966-03-14,F
CUST00567,Logan,J,Gallegos,Sweden,9912,63922292523,1958-04-12,F
CUST00568,William,I,Diaz,Antarctica (the territory South of 60 deg S),9814,84035116211,1985-11-20,F
CUST00569,Krista,V,Bridges,South Africa,2003,67476414970,2005-07-27,F
CUST00570,Jennifer,G,Bailey,Gibraltar,7301,72423479641,2000-09-13,F
CUST00571,Nathan,S,Hansen,Djibouti,1434,49872102985,2003-01-24,F
CUST00572,Latoya,F,Klein,Vietnam,4625,19187248635,1982-02-06,F
CUST00573,Lisa,Q,Collins,Isle of Man,6775,29744031634,2003-10-09,M
CUST00574,Mathew,B,Phillips,Bhutan,16,89690876865,1954-08-22,F
CUST00575,Jose,S,Zimmerman,Saint Pierre and Miquelon,1124,02186486782,1963-06-29,M
CUST00576,Walter,B,Little,Niger,303,58082889096,1985-03-25,F
CUST00577,Angela,K,Cruz,Guinea,7159,97256500118,1966-08-07,M
CUST00578,Christopher,A,Jimenez,Angola,1994,57533781792,1967-10-31,F
CUST00579,Hailey,E,Costa,Brunei Darussalam,5659,38943813611,1966-10-18,M
CUST00580,John,O,Beard,Malaysia,7536,80335824298,1974-12-01,M
CUST00581,Brian,H,Shea,Aruba,3259,88171935144,1978-03-13,M
CUST00582,Diane,X,Berry,Isle of Man,4470,54062461383,1986-05-16,F
CUST00583,Patrick,E,Lopez,Botswana,434,05565533538,1983-01-01,M
CUST00584,Lori,Q,Peterson,United Kingdom,1771,65225735603,1982-11-16,M
CUST00585,Krista,W,Gomez,Guatemala,3802,74237119288,1991-11-28,F
CUST00586,Heather,Q,Owens,Kenya,7605,75749493851,1995-04-09,M
CUST00587,David,H,Fisher,El Salvador,6005,66958178868,1990-02-18,F
CUST00588,Scott,D,Wilkins,United States Minor Outlying Islands,9840,14363975497,1980-09-06,M
CUST00589,Kaitlin,X,Stevens,Guadeloupe,7992,26873035668,1958-10-31,M
CUST00590,Peter,I,Mcconnell,Saint Helena,6325,49046703737,1975-12-14,F
CUST00591,Robert,S,Huff,Georgia,7236,79952083194,1973-03-09,M
CUST00592,John,L,Brown,Hungary,8542,97903961364,2000-03-12,M
CUST00593,Kristin,N,Sweeney,French Guiana,1729,87567744492,1991-06-05,F
CUST00594,Tiffany,T,Garcia,Czech Republic,933,78802720547,1963-06-13,F
CUST00595,Mark,H,Moreno,Namibia,4691,56923475234,1955-06-16,F
CUST00596,Holly,N,Cox,Lebanon,3355,45500996297,2005-04-24,M
CUST00597,Michael,K,Herrera,Gibraltar,7019,11043330074,1965-03-02,F
CUST00598,Anita,T,Wright,Bangladesh,726,73065044794,1987-05-02,F
CUST00599,Michelle,K,Lee,Estonia,9345,02146800291,2005-05-12,F
CUST00600,Paul,E,Berry,Malta,5651,60610219862,1976-12-14,M
CUST00601,David,L,Mcpherson,Bosnia and Herzegovina,8851,85976196497,1982-08-31,F
CUST00602,Andrew,R,Rhodes,Guam,1708,74285900893,2000-07-25,M
CUST00603,Craig,A,Perkins,Greece,3107,57329350998,1986-03-05,F
CUST00604,Barbara,U,Nunez,Singapore,777,26242115928,1992-04-15,M
CUST00605,Michael,Q,Rosales,French Southern Territories,4829,06149654870,2004-05-16,F
CUST00606,Ellen,X,Dean,Ukraine,3150,71423978908,1983-06-09,M
CUST00607,Amy,W,Taylor,Saint Barthelemy,2275,15751001632,1985-08-06,F
CUST00608,William,D,Lowery,Nicaragua,6917,49668406827,2006-12-11,M
CUST00609,Kyle,M,Roberts,Ethiopia,2454,34949808599,1991-09-30,M
CUST00610,Jennifer,B,Keller,Chad,1359,02748228247,1995-02-18,M
CUST00611,Donald,C,Morales,Saint Martin,4512,01604470942,2004-04-02,F
CUST00612,Hannah,P,Lyons,Chad,7969,05451440474,2001-03-24,M
CUST00613,Julie,H,Lynn,Tanzania,6342,27809731855,1962-06-29,F
CUST00614,Jason,P,Chavez,Aruba,3145,48911187566,1975-09-01,M
CUST00615,Kim,S,Johnson,American Samoa,6613,51954039431,1994-03-23,M
CUST00616,Leslie,W,Santana,Cape Verde,7542,73453415394,1978-04-23,F
CUST00617,Debra,S,Taylor,Wallis and Futuna,1700,26251381040,1979-03-17,M
CUST00618,Cassandra,K,Miller,Mexico,6493,21516231959,1997-09-23,M
CUST00619,Kenneth,T,Bailey,Eritrea,8612,40401197321,1983-04-30,F
CUST00620,Jonathan,T,Hurst,Portugal,8825,76104871374,1974-02-16,F
CUST00621,Matthew,F,Butler,Guernsey,8786,39955905349,1956-02-24,M
CUST00622,Elizabeth,Y,Morris,Kuwait,4098,86201071810,1954-07-06,M
CUST00623,Tracy,L,Brown,Cuba,8282,47262046335,1990-02-27,M
CUST00624,Paula,F,Jones,Uruguay,8190,74724568490,1997-06-09,M
CUST00625,Tyler,Z,Montgomery,Guinea,480,65794778526,1992-03-18,M
CUST00626,Virginia,V,Bailey,Eritrea,1960,49520526358,1995-08-20,M
CUST00627,Kayla,T,Nichols,Norway,1632,78631200888,1966-01-05,M
CUST00628,Danny,M,Villegas,Iceland,578,28363528582,1967-03-31,M
CUST00629,Samantha,U,Nelson,Cyprus,2623,61697889350,1987-08-01,M
CUST00630,Blake,K,Shea,Tuvalu,6600,46986952029,1986-07-26,F
CUST00631,Michele,V,Flynn,Lao People's Democratic Republic,6305,84251965429,1955-09-30,F
CUST00632,William,G,Berger,Puerto Rico,9428,42900054897,1986-05-01,F
CUST00633,Justin,N,Zuniga,Ghana,5633,76655475576,1958-09-30,F
CUST00634,Joshua,G,Knight,Gambia,3554,90334425038,1982-12-23,M
CUST00635,Doris,M,Charles,Saint Kitts and Nevis,2151,63080189902,1981-11-28,F
CUST00636,Alexander,E,Strong,Turks and Caicos Islands,9343,01061437821,1998-03-14,F
CUST00637,Cynthia,L,Heath,Marshall Islands,5114,17877701937,1957-12-01,F
CUST00638,Joseph,B,Jones,Iraq,9817,70137253956,2005-09-20,M
CUST00639,Maurice,T,Duke,Burkina Faso,5399,32432513565,1982-11-05,F
CUST00640,Steven,O,Tran,Croatia,8795,14973772159,2000-06-04,M
CUST00641,Brittany,P,Potter,Guatemala,9071,30308068009,1985-05-18,F
CUST00642,Amanda,I,Welch,American Samoa,7062,21061072185,1954-09-30,F
CUST00643,Joshua,A,Brown,Antarctica (the territory South of 60 deg S),5839,71393769692,2006-04-17,F
CUST00644,Donald,Q,Harris,Tuvalu,5990,22912110045,1977-03-07,M
CUST00645,Autumn,P,Dennis,Saint Pierre and Miquelon,611,63470460331,1993-07-16,F
CUST00646,Veronica,U,Perez,Qatar,9791,51571018261,2003-10-30,M
CUST00647,Stephanie,I,Hill,Montserrat,9360,05755904729,1985-04-15,M
CUST00648,Tiffany,C,Elliott,Saint Helena,3179,64938973572,1978-05-13,M
CUST00649,Nancy,N,Welch,Guinea,2580,21820108088,1972-01-03,M
CUST00650,David,F,Mcintyre,Austria,4749,78550619441,1994-06-27,F
CUST00651,Norma,H,Ochoa,Saudi Arabia,6952,55912225795,2006-10-02,M
CUST00652,Adrian,Y,Boyer,Anguilla,9533,55589224240,1957-09-06,M
CUST00653,Joshua,N,Woods,Zimbabwe,4078,66074019961,1993-05-19,M
CUST00654,Tanya,N,Johnson,Iceland,6892,58128428948,1960-06-21,F
CUST00655,Philip,U,Hampton,Saint Lucia,1069,28620002666,1991-08-26,M
CUST00656,Emily,N,Morrison,Afghanistan,8035,58318037548,1969-09-08,M
CUST00657,Joan,K,Jones,Denmark,8433,71024641962,2004-04-05,F
CUST00658,Richard,K,Schroeder,Malta,4450,46348659243,1991-10-21,F
CUST00659,Miranda,X,Herrera,Oman,5348,10872534537,1992-11-27,F
CUST00660,Amy,Z,Fox,Equatorial Guinea,7255,70114146301,1960-10-19,M
CUST00661,Douglas,H,Morrison,Croatia,8257,18035706834,1972-05-09,M
CUST00662,Dennis,R,Fletcher,Saudi Arabia,9805,01634782754,2000-05-23,F
CUST00663,Amy,C,Rogers,Armenia,2609,42624941896,1973-08-18,M
CUST00664,Patricia,O,Wood,Pitcairn Islands,4655,81849252402,1969-07-12,M
CUST00665,Samantha,M,Vaughn,Morocco,4969,57830194543,1960-04-21,F
CUST00666,Ryan,N,Sheppard,Portugal,3104,61161511086,1993-09-23,F
CUST00667,Keith,Z,Banks,Kuwait,7973,50000031661,1982-02-11,M
CUST00668,Scott,Z,Erickson,Honduras,7389,48083887933,1974-08-11,F
CUST00669,Laura,S,Mills,Bahrain,2618,78005197766,1976-04-04,M
CUST00670,Gavin,N,Cortez,Tuvalu,331,86877283494,1975-03-22,M
CUST00671,Andrew,X,Price,Dominica,3184,73854691834,2001-04-19,M
CUST00672,Meredith,X,Montes,Lebanon,5815,44379368509,2003-05-24,F
CUST00673,Matthew,L,Johnson,Bolivia,7294,47064318414,2000-09-11,F
CUST00674,Natalie,E,Miller,North Macedonia,7134,13251823694,2007-04-27,M
CUST00675,Timothy,N,Sharp,New Caledonia,349,13256150373,1968-11-26,M
CUST00676,Nicole,C,Hicks,Singapore,7808,47147052401,1984-07-05,F
CUST00677,Bradley,I,Gallegos,Cayman Islands,6890,20909261785,1996-09-01,M
CUST00678,Cody,V,Greene,Mayotte,5153,22382937703,1959-03-02,M
CUST00679,Melinda,N,Davis,Timor-Leste,2687,88081121781,1986-01-07,M
CUST00680,Sierra,X,Morgan,Romania,5402,44137810102,1979-03-11,M
CUST00681,Christina,D,Lambert,Namibia,4724,77735469991,1967-02-11,M
CUST00682,Abigail,V,Alexander,Morocco,524,62585648874,1955-05-05,F
CUST00683,Jesse,H,Tran,Uganda,1458,16446183862,1985-07-22,F
CUST00684,Diane,T,Sandoval,Central African Republic,4474,01545992686,1963-01-27,M
CUST00685,Barbara,S,Smith,Portugal,5327,84641044939,1978-02-08,M
CUST00686,Brianna,U,Hale,Costa Rica,6858,16316269265,1973-08-18,F
CUST00687,Christopher,Y,Lewis,French Guiana,3288,58976307410,2004-06-19,M
CUST00688,David,F,Wood,Antarctica (the territory South of 60 deg S),2749,76433204325,1981-05-11,F
CUST00689,Troy,F,Jenkins,Niue,7032,62531555245,1960-12-24,F
CUST00690,Ryan,Y,Stewart,Lesotho,4136,01405023396,1968-01-19,M
CUST00691,Kristin,H,Ellis,Iraq,9484,46216494412,1971-02-22,F
CUST00692,Anthony,C,Graham,Malaysia,2498,85411942602,2003-03-16,F
CUST00693,Kevin,F,Perez,Italy,4611,40049948577,1969-04-18,M
CUST00694,William,K,Newton,Saudi Arabia,2101,83860126875,1992-01-01,F
CUST00695,Adrian,W,Harrison,Guinea-Bissau,7556,71344263603,1984-06-06,F
CUST00696,Virginia,K,Barnes,Martinique,1206,22648098703,1994-10-23,F
CUST00697,Steven,P,Scott,Brazil,4491,07290097767,1979-03-19,F
CUST00698,James,X,Chavez,Russian Federation,7960,91115209433,1975-12-08,F
CUST00699,Cameron,I,Smith,Jersey,9368,30135440641,1960-02-06,F
CUST00700,Debra,F,Anderson,Falkland Islands (Malvinas),8398,59161627442,1975-09-17,F
CUST00701,Angela,K,Curry,Honduras,8483,30664649183,1961-02-02,F
CUST00702,Melanie,T,Thomas,Madagascar,8538,36139588398,1989-10-07,M
CUST00703,Victoria,B,Doyle,Guam,7282,39898708190,1998-03-21,F
CUST00704,Gregory,I,Martinez,Chile,9358,89432990278,2004-12-30,M
CUST00705,James,E,Bradford,Pitcairn Islands,8030,05373469463,2003-06-22,M
CUST00706,Jeffrey,T,Mejia,Saint Lucia,7771,65835719382,1977-06-03,M
CUST00707,Laura,N,Harris,Djibouti,2583,14334437612,1986-04-23,F
CUST00708,Teresa,I,Obrien,United States of America,2169,30290673545,1997-04-04,M
CUST00709,George,C,Glover,Dominican Republic,9580,71331467368,1964-06-27,F
CUST00710,Donald,C,Wilcox,Bhutan,9972,92444698899,1980-10-16,M
CUST00711,Jason,A,Luna,Niger,7469,16806270935,1970-10-02,F
CUST00712,Amanda,Z,Reese,Portugal,4067,73662011357,1964-09-25,M
CUST00713,Richard,Q,Munoz,Bahrain,9542,91174713832,2002-12-04,M
CUST00714,Garrett,G,Mclean,Switzerland,6527,00989020540,1959-02-12,F
CUST00715,Julie,Q,Alvarez,Canada,8309,39977381643,1992-07-31,F
CUST00716,Zachary,P,Murphy,French Polynesia,6625,41948466051,1966-05-15,F
CUST00717,Christian,K,Sparks,Guinea,2630,72546288971,1968-08-05,M
CUST00718,Michael,P,Hernandez,Jersey,2039,56646784033,1983-07-10,F
CUST00719,Timothy,T,Parker,Yemen,446,00271491891,1975-08-28,F
CUST00720,Stephanie,W,Allen,Kiribati,6509,17675156142,1987-10-12,F
CUST00721,Marie,T,Johnson,Luxembourg,4993,37579766000,1974-06-30,M
CUST00722,Crystal,R,Jones,Sudan,8619,23996463461,1958-10-11,F
CUST00723,Stephen,J,Mullen,Sri Lanka,4504,04375745452,1993-01-24,F
CUST00724,Daniel,S,Lawrence,Uganda,103,91960796940,2001-07-14,F
CUST00725,Christine,Z,Rivera,Guernsey,7160,80572387293,2002-01-03,F
CUST00726,John,T,Smith,Jamaica,6558,70998968637,1963-11-20,F
CUST00727,Sandra,A,Salas,Cameroon,2894,56162203383,1974-08-02,M
CUST00728,Matthew,B,Zavala,Mauritania,2362,92991291591,1985-09-25,M
CUST00729,Troy,I,Blanchard,Libyan Arab Jamahiriya,597,32266862224,2004-01-07,M
CUST00730,Jean,B,Blackwell,Congo,2844,66545948144,1959-10-31,M
CUST00731,Stephen,Y,Lopez,Congo,3500,79533577429,2006-02-14,F
CUST00732,Frank,N,White,Turks and Caicos Islands,2797,30031731742,1965-10-04,F
CUST00733,Timothy,R,Sampson,Korea,8443,35023851052,1961-05-14,M
CUST00734,Antonio,O,Fields,United Arab Emirates,1845,45639269037,1964-04-30,M
CUST00735,Kristi,O,Contreras,El Salvador,1692,21127550963,2004-11-24,F
CUST00736,Rebecca,N,Morgan,Uzbekistan,7913,14838953687,1959-01-24,M
CUST00737,Heather,Y,Schmitt,Venezuela,7525,32957839120,1985-02-22,M
CUST00738,Christopher,Y,Long,Cote d'Ivoire,941,99879672798,1984-05-26,F
CUST00739,Gregory,Y,Duffy,Iran,8294,47045384845,1983-01-21,M
CUST00740,Katherine,S,Sandoval,Canada,7173,70110103898,1954-12-25,M
CUST00741,Brian,R,White,Oman,7800,18772264478,1956-01-24,M
CUST00742,Joseph,W,Taylor,Gambia,9421,96981334407,1955-06-10,F
CUST00743,Ricardo,F,Boyd,Moldova,2271,61046551538,1999-11-16,F
CUST00744,Amber,W,Cook,French Southern Territories,3863,97195427793,1957-07-20,F
CUST00745,Jennifer,R,Graham,United Arab Emirates,8413,71030614149,2000-11-26,F
CUST00746,David,F,Phillips,Pakistan,4371,58775113646,1987-12-21,F
CUST00747,Jennifer,T,Gonzales,Finland,7585,63260740322,1981-12-20,M
CUST00748,Cory,Z,Stevens,Senegal,8867,69050576943,1989-09-30,F
CUST00749,Ryan,M,Porter,Gibraltar,2409,75548186284,1966-11-07,F
CUST00750,Jonathan,J,Christensen,Malawi,9310,56812250123,1973-02-07,F
CUST00751,Timothy,E,Marshall,Bahrain,1253,33584588433,1957-09-21,M
CUST00752,Paul,O,Long,Northern Mariana Islands,3989,13436220611,2006-03-30,M
CUST00753,Jorge,B,Baird,Italy,9192,58865279549,1991-05-09,M
CUST00754,Matthew,M,Mckinney,Iraq,5225,33034765640,1964-12-10,M
CUST00755,Leslie,D,Morales,China,3260,99063117762,2000-04-27,F
CUST00756,Emily,R,Brown,Albania,1956,04585401299,1975-12-05,F
CUST00757,Becky,J,Jones,Brunei Darussalam,6152,67952076864,1968-06-05,F
CUST00758,Mary,Z,Reed,Armenia,4713,23635055755,1962-11-15,F
CUST00759,Carlos,Y,Dorsey,Timor-Leste,179,26598519688,2004-02-02,M
CUST00760,Marcus,T,Parker,Senegal,2224,18619274007,1985-04-04,F
CUST00761,Sarah,P,Wilson,Cayman Islands,9060,45425926288,2004-05-18,M
CUST00762,Jennifer,K,Rogers,Jersey,611,95855025098,1969-12-10,F
CUST00763,Benjamin,S,Anderson,Iraq,3092,86952631996,1995-10-06,F
CUST00764,Michael,X,Sawyer,Saint Martin,1865,04868907917,1965-04-05,F
CUST00765,Heather,G,Howell,British Indian Ocean Territory (Chagos Archipelago),4177,22938728449,1965-03-25,F
CUST00766,Jill,R,Harper,Faroe Islands,5289,31390454917,2001-09-26,M
CUST00767,Jennifer,W,Vega,Slovenia,2165,40510618774,1957-01-22,F
CUST00768,Ruth,J,Evans,Trinidad and Tobago,283,83196512548,2005-11-22,M
CUST00769,Jerry,I,Lewis,Latvia,3637,20326356149,1976-05-11,F
CUST00770,Melissa,P,Solis,Saint Barthelemy,4974,87999581055,1979-01-01,F
CUST00771,Erica,M,Evans,Sao Tome and Principe,9651,28733749793,1986-03-31,F
CUST00772,Richard,Z,Middleton,Palestinian Territory,6320,86523303685,1961-11-08,F
CUST00773,Renee,S,Mendoza,Chad,7528,08148021863,1974-03-13,F
CUST00774,Jacqueline,R,Montgomery,Cyprus,3755,38177345894,1981-09-21,M
CUST00775,Christian,B,Johnson,Dominican Republic,6489,65850571384,1961-05-09,F
CUST00776,Jennifer,N,Stephens,Lebanon,7538,79746490002,1977-06-08,M
CUST00777,Jamie,B,Larson,Andorra,2868,79802722903,1989-01-23,F
CUST00778,Amy,O,Luna,Niue,240,50027447718,1997-12-25,F
CUST00779,Allison,W,Thompson,Equatorial Guinea,1682,23177970918,1974-12-11,F
CUST00780,Christy,C,Murphy,Martinique,4863,20789972765,1994-11-19,M
CUST00781,Kathryn,I,Wheeler,Turks and Caicos Islands,5384,29562949862,1999-04-21,M
CUST00782,Richard,Q,Long,Finland,5507,92941219727,1966-09-05,M
CUST00783,Nicole,Y,Davis,Ukraine,3991,16596352182,1966-03-12,F
CUST00784,Juan,M,Harvey,Senegal,4239,78016545455,2004-07-09,M
CUST00785,Samantha,R,Price,British Indian Ocean Territory (Chagos Archipelago),7437,27681518122,1997-03-29,F
CUST00786,Ariel,M,Torres,Falkland Islands (Malvinas),7947,02458241331,1957-10-13,M
CUST00787,Rebekah,V,Valdez,Ethiopia,839,23156235821,1991-10-23,M
CUST00788,Erin,A,Marsh,Oman,7237,51042291822,1975-05-22,M
CUST00789,Robin,W,Garcia,Dominica,9144,32293718884,2003-09-20,F
CUST00790,Michelle,M,Castaneda,Panama,3236,62128960540,1958-04-06,F
CUST00791,Justin,Y,Rodriguez,Guinea,2497,48943991321,1984-07-02,F
CUST00792,Michelle,B,Rice,Cambodia,5346,10541020972,1997-07-05,M
CUST00793,Daniel,U,Lewis,Tunisia,279,09180183970,1992-07-22,M
CUST00794,Brandon,H,Erickson,Croatia,4429,42543405395,1957-03-02,M
CUST00795,Nancy,A,Lane,United Kingdom,2326,63663861928,2000-09-20,M
CUST00796,Autumn,J,Tanner,Serbia,2054,85184089012,1959-07-27,M
CUST00797,Christopher,X,Stephens,Guinea-Bissau,4082,30157650754,1979-04-26,M
CUST00798,Ryan,U,Roberson,Cuba,4823,36899965338,2001-06-13,M
CUST00799,Tracy,Q,Ford,Congo,1438,29050162385,1978-07-06,F
CUST00800,Gene,C,Wright,Antigua and Barbuda,1522,37882336813,1959-06-28,F
CUST00801,John,N,Baxter,Saint Lucia,8952,70668503318,1970-07-16,M
CUST00802,Jeffrey,Z,Jones,France,8346,67897140309,1976-07-07,F
CUST00803,Jennifer,O,Jones,Cook Islands,4980,44459500183,1964-02-08,M
CUST00804,Kyle,M,Cunningham,Lebanon,7090,00232145164,1968-05-02,M
CUST00805,Christopher,D,Bennett,Zambia,8233,05787771658,1964-12-02,M
CUST00806,James,R,Fox,Bahrain,7147,59863357222,1994-10-03,M
CUST00807,Amanda,Z,Ferguson,Albania,1205,87118172286,1968-11-02,F
CUST00808,Victor,B,Brooks,Solomon Islands,4916,30329914638,2004-03-06,M
CUST00809,Edwin,Z,Mejia,Bouvet Island (Bouvetoya),2149,12489105061,1960-09-24,F
CUST00810,Cheryl,H,Vaughn,Syrian Arab Republic,9411,39175643809,1966-07-16,M
CUST00811,Samantha,W,Nelson,Czech Republic,257,94178625572,1965-06-09,M
CUST00812,Jesus,O,Gallagher,British Indian Ocean Territory (Chagos Archipelago),3298,91739038237,2002-09-20,M
CUST00813,Jonathan,A,Morales,Estonia,9123,63333771131,1981-04-05,M
CUST00814,Benjamin,V,Williams,South Georgia and the South Sandwich Islands,7640,62113692904,1965-06-28,F
CUST00815,David,A,Blackwell,Nauru,9883,47031029445,1976-07-20,F
CUST00816,Ronald,O,Brock,Puerto Rico,1573,29891059751,1957-04-21,F
CUST00817,Ronald,B,Burns,Guam,5798,52883709357,1957-10-03,F
CUST00818,Richard,M,Ford,Benin,9729,75702994571,1982-06-08,M
CUST00819,Joseph,I,Boyd,Hungary,5564,59869445729,1979-04-25,M
CUST00820,Tonya,X,Roman,Colombia,1551,72750303830,1965-03-17,F
CUST00821,Erik,B,Simmons,Spain,5271,75708438098,1977-10-06,F
CUST00822,Shannon,T,Phillips,Syrian Arab Republic,2007,70812028980,1973-01-05,M
CUST00823,Kathleen,M,James,Heard Island and McDonald Islands,3530,13911377150,1978-01-30,F
CUST00824,Ricardo,O,Morrison,Sudan,7095,29370338627,1971-06-08,F
CUST00825,Scott,Y,Lewis,Brunei Darussalam,268,97730789627,1982-10-17,M
CUST00826,Jason,W,Mahoney,Taiwan,1658,31327599435,1971-05-20,F
CUST00827,Theresa,A,Richardson,Saint Martin,7149,42310064414,1962-09-26,M
CUST00828,Gloria,B,Phillips,Christmas Island,4294,09874041290,1993-03-06,M
CUST00829,Susan,B,Murphy,Kyrgyz Republic,8453,13083324196,1963-10-21,F
CUST00830,Nathaniel,A,Baxter,Latvia,7885,24006382404,1967-09-20,F
CUST00831,Kristy,H,Schmitt,British Virgin Islands,2537,56333769900,1993-07-10,M
CUST00832,James,H,Sutton,Sierra Leone,2317,99381910371,1996-04-11,M
CUST00833,Jessica,W,King,Barbados,5436,59916082206,1993-03-19,M
CUST00834,Sarah,V,Gonzalez,Saint Lucia,9206,55290134311,1995-06-29,M
CUST00835,Antonio,U,Ramos,Zambia,6100,53270813358,1977-02-14,M
CUST00836,Jeffrey,L,Allen,Belarus,426,53111893540,2000-07-13,F
CUST00837,Joshua,D,Nunez,Jordan,5400,96005672069,1988-12-14,M
CUST00838,Kiara,T,Williams,Congo,5133,00226709088,1958-08-07,M
CUST00839,Anthony,C,Moran,Qatar,7326,92547957912,1954-10-11,F
CUST00840,Allison,J,Taylor,Venezuela,8669,20702162566,1980-04-14,M
CUST00841,Stephen,C,Brown,Kuwait,2099,46663371355,1959-03-04,M
CUST00842,Ashley,K,Martinez,Sudan,741,65627341420,1962-02-26,M
CUST00843,Christina,F,Miller,Australia,5853,22979123135,1987-06-03,M
CUST00844,Keith,O,Johnson,Jamaica,5689,83972539809,1978-03-25,F
CUST00845,Shannon,Z,Martin,Romania,2468,66214690334,1983-09-11,F
CUST00846,Robert,F,Barker,New Caledonia,8546,96677478918,1983-12-21,F
CUST00847,Walter,A,Shaw,Anguilla,9595,68112869899,1985-09-20,M
CUST00848,Hannah,I,Hill,Tuvalu,3236,00831211924,1963-02-09,F
CUST00849,Grant,M,Williams,Svalbard & Jan Mayen Islands,3887,43365387227,1983-08-21,F
CUST00850,Jasmine,X,Carroll,Netherlands Antilles,3866,69269400446,1956-08-25,M
CUST00851,Susan,G,Taylor,Norfolk Island,5604,74219595260,1966-11-27,F
CUST00852,Amy,G,Cummings,Central African Republic,6383,01042640554,1989-10-25,F
CUST00853,Donald,V,King,Hungary,565,23715809500,1987-06-14,M
CUST00854,Kenneth,Z,Fitzgerald,Nauru,8295,40678888770,1967-06-29,F
CUST00855,Brenda,Q,Kent,Kyrgyz Republic,7519,84846861545,1996-11-01,F
CUST00856,Richard,Z,Steele,Cote d'Ivoire,5959,17552863888,1999-11-02,M
CUST00857,Robert,M,Torres,Jordan,433,48725348239,1988-08-13,M
CUST00858,Max,P,Roberson,Costa Rica,2741,82294405105,1989-05-14,F
CUST00859,Hector,L,Wagner,Lesotho,9002,65775788576,1989-04-17,F
CUST00860,David,O,Rocha,Nepal,2799,72132306389,1981-02-15,M
CUST00861,Jorge,G,May,Bulgaria,4305,24703047911,1965-11-04,M
CUST00862,Kevin,Z,Roman,Anguilla,9037,85781517404,1967-12-24,F
CUST00863,Daniel,F,Johnson,Belize,2513,50018610116,1976-11-14,F
CUST00864,Melissa,J,Williams,Bosnia and Herzegovina,6921,61126596469,1993-05-17,M
CUST00865,Richard,M,Cooper,Barbados,1164,51524700005,1973-10-09,F
CUST00866,Julie,A,Anderson,Saint Lucia,3395,81419755389,1996-09-01,M
CUST00867,Andrew,O,Day,Philippines,8039,97279478658,1971-12-14,M
CUST00868,Margaret,C,Hodges,Eritrea,7468,32424268221,1962-09-15,F
CUST00869,Cathy,N,Dominguez,United States of America,7390,45940207341,1983-03-02,M
CUST00870,George,N,Brown,Poland,7945,13842027555,1969-01-27,F
CUST00871,Lori,F,Ramos,Equatorial Guinea,2166,75184126651,2002-10-26,F
CUST00872,Shannon,N,Cruz,Lebanon,4862,53896844715,1970-05-06,M
CUST00873,Linda,E,Jennings,Saint Helena,311,57729132273,1961-02-02,M
CUST00874,Karen,Q,Smith,Timor-Leste,8046,46996410075,1977-08-29,F
CUST00875,Shelia,H,Little,Myanmar,7875,52992687635,1957-11-09,M
CUST00876,Jessica,H,Clark,Svalbard & Jan Mayen Islands,4494,46783972478,1962-06-02,M
CUST00877,Tyrone,Q,Randolph,Cook Islands,8990,17472073512,1992-11-08,F
CUST00878,William,I,Anderson,Armenia,1603,40188562811,1960-11-22,F
CUST00879,David,K,Smith,Turks and Caicos Islands,8637,04907859124,1990-02-19,F
CUST00880,Gregory,R,Sanchez,Guinea-Bissau,891,37979270719,1971-02-27,M
CUST00881,Paula,B,Rice,Venezuela,7521,26062133744,1981-02-07,M
CUST00882,Lawrence,T,Thompson,Bhutan,6218,57315558128,1961-08-16,F
CUST00883,Joshua,S,Mcclure,Saint Vincent and the Grenadines,8959,15554780740,1965-05-26,M
CUST00884,Melissa,R,Rangel,Bangladesh,9619,63975060598,1999-05-23,F
CUST00885,Kimberly,X,Benson,Anguilla,7479,03778574914,1980-08-22,F
CUST00886,Kenneth,F,Brown,Mongolia,670,52638905801,1968-05-18,F
CUST00887,Jeffrey,M,Campbell,Zambia,2734,58425347294,1988-05-29,M
CUST00888,Hannah,O,Ramos,Chad,5824,05163848441,1965-03-27,F
CUST00889,Nathaniel,J,Mendoza,Trinidad and Tobago,5051,44833153172,1963-06-18,M
CUST00890,Bianca,M,Williams,Tonga,7202,87406059219,1973-10-31,M
CUST00891,Michael,D,Decker,Denmark,2447,39856995603,1996-11-04,M
CUST00892,Lynn,U,Reyes,Barbados,2110,42826208855,1984-03-10,F
CUST00893,Christina,J,Jackson,Yemen,7491,26543324787,2006-09-05,F
CUST00894,Michael,L,Medina,Thailand,2081,44509888220,1971-03-29,F
CUST00895,Paul,B,Floyd,Uzbekistan,5916,96233670868,1959-07-26,F
CUST00896,Charles,Z,Rodriguez,Georgia,6556,48763270863,1996-12-25,F
CUST00897,Michelle,J,Price,Portugal,8231,01609078527,1988-01-28,M
CUST00898,Jennifer,N,Vasquez,Liberia,1487,96036312694,2006-05-27,F
CUST00899,Roy,M,Nunez,Saint Lucia,304,98341635301,2006-06-04,M
CUST00900,Zachary,T,Sloan,Bosnia and Herzegovina,9426,12518466283,1954-09-23,F
CUST00901,Savannah,W,Myers,Honduras,3896,53974675208,1980-08-17,F
CUST00902,Patricia,M,Kirk,Cape Verde,3842,99174232893,1958-09-27,F
CUST00903,Mitchell,B,Walker,Netherlands,2288,32957285922,2002-05-29,M
CUST00904,Albert,J,Brown,Zambia,3226,51355964992,1998-05-11,M
CUST00905,Stephanie,H,Alvarado,American Samoa,7199,85683292322,1982-09-27,M
CUST00906,Jesus,C,Hicks,Croatia,4343,26081938503,1959-10-08,M
CUST00907,Jesse,S,Harris,Mayotte,7634,86634381648,1992-07-15,M
CUST00908,Dylan,X,Callahan,Rwanda,7296,86134759802,2003-09-12,M
CUST00909,Melissa,R,Sheppard,Falkland Islands (Malvinas),7837,55893517679,1961-09-02,M
CUST00910,Walter,W,Durham,Gambia,3092,60767271844,1962-11-26,F
CUST00911,Cynthia,K,Acevedo,Yemen,6770,72570321626,1988-03-04,M
CUST00912,Robert,D,Parker,Cocos (Keeling) Islands,2822,37185327027,1984-08-25,F
CUST00913,Christina,V,Duarte,Palau,3586,21450298671,1990-10-17,F
CUST00914,Christopher,M,Woodard,French Southern Territories,8319,29039460686,1970-11-06,F
CUST00915,Keith,S,Krueger,Netherlands,9677,76464611067,1955-09-21,M
CUST00916,Catherine,Y,Montgomery,Gambia,8210,06754939291,1958-09-10,F
CUST00917,Lori,C,Johnson,Bosnia and Herzegovina,9202,23743355755,1969-07-19,F
CUST00918,Eric,Y,Bird,Gambia,5480,49438288628,1955-09-17,M
CUST00919,Catherine,J,Stewart,Japan,5858,13107227099,1956-04-09,M
CUST00920,Laura,X,Odonnell,Cambodia,8691,85680962353,1991-12-13,F
CUST00921,Paul,F,Burch,Costa Rica,3953,89412770344,1970-08-11,F
CUST00922,Angela,V,Porter,Gambia,5386,48166600924,1967-10-14,F
CUST00923,Jason,G,Thompson,Saudi Arabia,5761,89700506352,1967-10-22,M
CUST00924,Chase,U,Wilson,Azerbaijan,1640,82140249914,2006-01-03,F
CUST00925,Jessica,F,Burke,China,200,38068390464,1991-05-28,M
CUST00926,Bobby,K,Hicks,Togo,5891,60909453493,1966-05-10,F
CUST00927,Amanda,Q,Smith,Venezuela,6909,57600491079,1976-05-24,M
CUST00928,Phillip,I,Pierce,United States of America,5187,17717313882,1956-04-16,M
CUST00929,Robin,K,Smith,Benin,9608,78249332637,1977-10-08,F
CUST00930,Sarah,K,Dyer,United States Virgin Islands,1357,73622186679,2004-03-26,F
CUST00931,Troy,K,Kidd,Norway,9817,07978688592,1973-12-21,F
CUST00932,Amanda,Z,Weeks,Liechtenstein,2317,20317659865,1998-01-26,F
CUST00933,John,B,Rose,Paraguay,5381,11138982614,1956-05-30,F
CUST00934,Daniel,S,Jones,Tonga,4255,41969322421,2003-07-13,F
CUST00935,Dawn,R,Schmidt,Poland,6004,65629116205,1972-10-12,F
CUST00936,Anne,X,Morse,Korea,5544,89772610621,1980-04-13,F
CUST00937,Andrea,O,Steele,Mauritania,8502,39071224787,1989-04-17,F
CUST00938,Kimberly,M,Foster,Finland,1793,16471915531,1961-06-14,F
CUST00939,David,R,Elliott,Nauru,8255,51533689103,1966-12-28,F
CUST00940,Christopher,P,Fernandez,Cayman Islands,6663,84825528792,1960-04-08,F
CUST00941,Holly,T,Horton,Brunei Darussalam,1979,76245652158,1956-02-28,M
CUST00942,Brianna,I,Miller,Botswana,3166,88093135082,2003-02-06,M
CUST00943,Jessica,F,Clark,Bahamas,6726,87138722334,1990-12-11,M
CUST00944,Cesar,M,Carlson,Madagascar,8032,60566161349,1963-10-30,F
CUST00945,Michael,X,Lee,Thailand,912,26339293780,1985-03-31,F
CUST00946,Cynthia,Y,Roberts,Western Sahara,2042,38947128598,1968-02-20,F
CUST00947,Ariana,N,Jones,Grenada,7148,94114131336,2004-07-31,M
CUST00948,Chase,K,Waller,Libyan Arab Jamahiriya,7983,84626116070,1996-05-08,F
CUST00949,Kelly,I,Scott,Peru,8213,37442709042,1997-05-08,F
CUST00950,Elizabeth,Q,Brooks,Belarus,51,68996731933,1979-08-15,F
CUST00951,Timothy,S,Allen,Uganda,8277,87374028160,1956-01-04,F
CUST00952,Stephen,J,Mason,Cocos (Keeling) Islands,5108,01094871618,1977-11-05,F
CUST00953,Linda,P,Lane,Guinea,2352,76070924740,1973-07-15,F
CUST00954,Lee,D,Lawson,Anguilla,566,02861696299,1996-07-12,M
CUST00955,Tony,G,Rogers,Serbia,9146,99250042960,1956-06-26,M
CUST00956,Warren,H,Thompson,Maldives,5151,31204327235,1959-08-02,M
CUST00957,Lindsey,E,Smith,Pitcairn Islands,7209,78072232059,1958-06-17,F
CUST00958,Jennifer,V,Roberts,Indonesia,240,69219322095,1954-11-08,M
CUST00959,Kevin,Q,Allen,Oman,3192,79939696922,1987-09-28,F
CUST00960,Kayla,D,Higgins,Turkey,8258,89474454336,1976-05-23,M
CUST00961,Susan,A,Barrett,Iraq,9741,50703461375,1989-12-15,F
CUST00962,Savannah,Z,Mccarthy,Bolivia,6409,24211922334,1980-10-21,F
CUST00963,Melissa,X,Decker,Luxembourg,8144,46881279728,1957-11-02,F
CUST00964,Michael,S,Jackson,Lesotho,6891,02383204865,1999-10-30,M
CUST00965,Victoria,D,Morales,India,329,03649123121,1959-02-24,M
CUST00966,Brittany,N,Smith,Gabon,7302,84385004510,1980-05-12,M
CUST00967,Melanie,K,Allen,Saint Barthelemy,4237,83263290740,1976-09-04,F
CUST00968,David,I,King,Turkmenistan,9215,27829744580,1993-09-20,F
CUST00969,Michael,W,Wallace,Latvia,8127,88088306147,1994-04-15,F
CUST00970,Martin,N,Avery,Faroe Islands,3551,36412224778,1997-10-26,M
CUST00971,Andrew,Y,Anderson,Micronesia,4148,85874681727,1969-02-12,F
CUST00972,Joseph,W,Obrien,Nepal,6226,45098086929,1955-01-15,M
CUST00973,Anthony,I,Nunez,Netherlands,7161,74320762186,1980-12-29,M
CUST00974,Omar,N,Freeman,Jersey,4964,02624255084,1962-12-05,F
CUST00975,Omar,O,Parker,Sri Lanka,2846,10250854240,1976-07-29,M
CUST00976,Misty,Y,Hampton,Afghanistan,7837,00360434518,1973-08-18,F
CUST00977,Juan,V,Horton,French Guiana,4064,09954729832,1969-08-17,F
CUST00978,Juan,N,Marks,Lao People's Democratic Republic,5974,42411882565,1964-04-25,M
CUST00979,Samuel,B,Skinner,United States Virgin Islands,5556,81730586084,1979-02-11,M
CUST00980,Wendy,H,Clark,United States of America,6831,32676847478,1994-09-02,F
CUST00981,Tina,K,Trevino,Ireland,8992,85361553677,1998-09-15,F
CUST00982,Brian,P,Stone,Uzbekistan,4961,18894270611,1998-08-09,F
CUST00983,Earl,E,Burton,Vietnam,7410,69106456335,1954-07-26,M
CUST00984,Gloria,R,Peterson,Morocco,5211,13198052710,1969-03-12,F
CUST00985,James,P,Owens,Haiti,8846,22572420259,1991-07-06,F
CUST00986,Ricardo,I,Moore,Djibouti,3495,99517417283,1972-12-10,M
CUST00987,Joanna,J,Frost,Norway,7618,55607297388,1961-09-17,M
CUST00988,Bonnie,H,Johnson,Vanuatu,3626,18289570128,1978-02-01,M
CUST00989,David,K,Meyers,Guinea-Bissau,3229,51895736817,1976-07-14,M
CUST00990,Eric,I,Love,Holy See (Vatican City State),4364,27316619692,2001-12-14,M
CUST00991,John,X,Lewis,Sweden,981,58886814429,1960-01-25,M
CUST00992,Paige,H,Serrano,Netherlands,7060,20397277104,1988-02-29,F
CUST00993,Charles,L,Sosa,Netherlands,1389,21218702770,1965-10-06,M
CUST00994,David,W,Roberts,Rwanda,9763,05402553749,1974-06-14,F
CUST00995,Alicia,Y,Pearson,Cayman Islands,8764,76502331647,1973-06-07,M
CUST00996,Frederick,K,Lynch,Saint Pierre and Miquelon,9261,06500204612,1989-01-13,F
CUST00997,Debra,R,Hernandez,Papua New Guinea,1098,26975776135,1989-12-24,F
CUST00998,Patricia,E,Davis,Spain,6303,98792121128,2001-10-23,M
CUST00999,Justin,E,Schultz,Israel,6658,60804308070,1990-09-01,F
