id,name,email,address,country,woman_ent_flag,score
SHOP0000,"Mata, Beasley and Johnson",dianapeterson@ballard.com,"68333 Thompson Highway
South Christinaberg, ME 64846",Algeria,True,2.8
SHOP0001,Davis-Parks,dominguezsherry@webb.com,"4335 Morrison Heights
Wangtown, GU 38627",Finland,True,1.6
SHOP0002,Guerra-Wright,rbishop@johnston.com,"PSC 9400, Box 6185
APO AE 13890",Benin,False,1.9
SHOP0003,"Morris, French and Jackson",sergio45@rodriguez.net,"31044 Dawn Rapids Suite 687
Port Sherri, AS 25647",Saint Lucia,False,4.9
SHOP0004,Mccoy Group,brendaclark@anderson.net,"656 Buchanan Views Suite 592
Mariamouth, TX 64129",Cote d'Ivoire,False,4.4
SHOP0005,Jones Ltd,ucurtis@moody.info,"05245 Morris Ville
North Tracyport, MI 63702",Turks and Caicos Islands,False,3.1
SHOP0006,Chapman-Williams,katherinemoore@nichols.biz,"2774 Joshua Square
New Tinaville, WA 76987",Christmas Island,True,4.0
SHOP0007,Good Group,marymiller@duncan.com,"33831 Matthew Hills Suite 556
North Jennifer, OH 36906",Bosnia and Herzegovina,False,1.8
SHOP0008,Mitchell LLC,reginawilson@murillo.info,"399 Lucas Harbor
Curryville, HI 98659",Niger,False,4.5
SHOP0009,Hughes PLC,robertsdavid@jensen-strickland.info,"66270 Todd Gateway
Jeanmouth, MP 02577",Mauritius,False,3.5
SHOP0010,Price and Sons,sanchezerica@delgado.com,"5497 Christopher Highway
Lake Loriville, MT 09844",Oman,True,1.1
SHOP0011,Briggs and Sons,revans@harrison.com,"6446 Hutchinson Key Apt. 373
Port Jofort, MH 36568",Belarus,True,1.9
SHOP0012,Thomas-Compton,carteraaron@ford.biz,"Unit 1668 Box 4128
DPO AP 02113",Hong Kong,False,5.0
SHOP0013,Barrett Ltd,chart@edwards.com,"1372 Courtney Brooks
Robertsside, ME 35170",Togo,True,4.7
SHOP0014,Mills Group,ernestsmith@nelson.com,"601 Maldonado Wall
Martinezchester, VT 67503",New Zealand,True,2.5
SHOP0015,Sosa-Walsh,sheilachavez@young-wright.org,"3857 Molly Course Apt. 776
Morganton, ND 17081",Belize,False,2.8
SHOP0016,Richards and Sons,tmcdonald@joseph.net,"426 Elizabeth Vista
Wilsonshire, NE 76252",Canada,False,3.3
SHOP0017,Martinez-Stephens,amandamacdonald@lee-savage.com,"USNV Cain
FPO AP 03655",Croatia,True,2.8
SHOP0018,Hawkins-Hodges,anthonysmith@gilbert.com,"6961 Tara Mountains Suite 753
Brianmouth, MN 89048",Saint Martin,True,3.5
SHOP0019,Fischer PLC,morantroy@mckay.com,"54706 John Tunnel Suite 343
Justinchester, AS 90510",Guadeloupe,True,3.9
SHOP0020,"Boyer, Fischer and Lewis",ryanking@good.org,"7838 Lee Vista Apt. 514
Jasonmouth, GU 81081",Ireland,False,1.4
SHOP0021,Hurst-Kline,hmiller@gray.com,"5247 Morrison Villages
West Brooke, VI 57521",Afghanistan,False,4.9
SHOP0022,Pennington Inc,emily33@jackson-newman.info,"857 Rhonda Springs
Port Ronaldberg, WI 23876",Mayotte,False,4.7
SHOP0023,"Collins, Scott and Mcfarland",heather08@wagner.net,"200 Mitchell Cliff
South Bradley, RI 50118",New Caledonia,True,2.6
SHOP0024,Rodriguez-King,freed@cox.com,"7409 Williams Port Apt. 642
Parkshaven, IA 38290",North Macedonia,True,1.8
SHOP0025,"Berry, Lowe and Cox",antonio93@king.com,"11120 Sanchez Lane Suite 236
Lake Kelseyburgh, NV 60527",Taiwan,True,1.5
SHOP0026,Wade Group,karenramsey@martinez-martinez.com,"3292 Rodriguez Place
Odonnellfort, MA 26268",Nepal,True,3.1
SHOP0027,"Torres, Ramos and Fields",bradley02@mercado.info,"58412 Levi Course
Jasmineberg, ID 01862",United States Virgin Islands,True,2.0
SHOP0028,Jones-Stewart,sandra66@nguyen-lewis.com,"67922 Barnett Road
New Antonio, KY 63652",Chile,True,1.1
SHOP0029,Mejia Inc,imorris@donovan.org,"718 Philip Oval Suite 628
Jennifertown, IA 54316",Mauritania,False,1.5
SHOP0030,Gonzales Group,william03@tyler.com,"0803 Marquez Manors Apt. 446
Jacobsonmouth, DC 96740",Luxembourg,False,3.0
SHOP0031,Singh and Sons,thompsondominic@wilson.info,"USNV Chan
FPO AP 21438",Cambodia,True,2.2
SHOP0032,"Smith, Maxwell and Nelson",joannestewart@phillips-james.com,"607 Elliott Road
South Maryland, PW 76395",Netherlands,True,2.8
SHOP0033,Juarez and Sons,nataliewilliams@gilbert.com,"65888 Alexis Tunnel
Port Sonyatown, MT 50613",Ghana,True,2.1
SHOP0034,Edwards and Sons,cunninghamjennifer@clements.com,"7168 Jimenez Freeway
Youngshire, WY 83496",Botswana,False,1.6
SHOP0035,Hardin and Sons,gibbsdenise@brown-fox.com,"Unit 3458 Box 6601
DPO AE 06806",Uganda,True,2.1
SHOP0036,Dunlap Inc,ashley83@ferguson-king.com,"Unit 2890 Box 2556
DPO AE 29474",Netherlands,False,1.8
SHOP0037,Sanford Ltd,george02@barber-black.com,"383 Webster Union Suite 774
Swansonville, FL 60420",Cyprus,False,4.3
SHOP0038,"Cervantes, Petersen and Russo",burnettdeborah@white.com,"1929 Martin Lake Suite 025
Michelleton, UT 45713",Bermuda,False,4.0
SHOP0039,"Ward, Mcmillan and Watkins",hernandezmichael@west.com,"Unit 7244 Box 3357
DPO AA 28315",Nauru,True,1.5
SHOP0040,Carroll Ltd,iparker@edwards.com,"26363 Jillian Roads Apt. 890
Mcgrathhaven, MN 48192",Ghana,True,2.9
SHOP0041,Vincent-Barry,moontimothy@davis.info,"6109 Ford Dale
South Kevinchester, WY 64863",Bouvet Island (Bouvetoya),False,2.3
SHOP0042,"Clark, Robertson and Pollard",veronica81@cordova.com,"21556 Christina Road
Riceshire, MA 94841",Tajikistan,False,2.9
SHOP0043,"James, Riley and Gutierrez",vlove@graham.com,"164 Jasmine Creek
Mayport, NC 03504",Slovakia (Slovak Republic),True,1.2
SHOP0044,Holland Inc,hjones@warren.com,"942 Gray Inlet Apt. 063
East Jasonmouth, NV 05498",Namibia,True,3.5
SHOP0045,Love PLC,deborahgallegos@baker-walton.com,"22080 Castillo Rapids
Leport, DC 01403",Bermuda,False,1.1
SHOP0046,"King, Dickerson and Wilson",kendra55@espinoza.com,"5073 Mcmillan Way
Belindaburgh, MH 94158",Dominican Republic,False,4.2
SHOP0047,Burns LLC,schroederlisa@moreno-shields.info,"8547 Lyons Mountains
Daniellehaven, GU 77991",Uruguay,False,1.7
SHOP0048,Oneal-Kelly,tasha99@klein.com,"201 Jeffrey Motorway
New Monica, MD 52666",Philippines,True,3.7
SHOP0049,Hall-Olson,campbellsandra@werner.com,"76382 Jones Plains Apt. 979
West Meredithchester, WI 76860",Bermuda,True,3.2
SHOP0050,"Rojas, Carroll and Gonzalez",joshuaholloway@griffin.biz,"6315 Marsh Spring
Oliverfort, NJ 61566",Aruba,True,1.5
SHOP0051,Mooney Inc,lewisbelinda@sanchez.org,"1493 Dawn Dam Suite 777
Bradleyland, KY 56139",Bosnia and Herzegovina,True,1.9
SHOP0052,Roberts and Sons,briana77@jones.info,"849 Navarro Locks
Joyceside, MS 78652",Austria,True,3.4
SHOP0053,"Garcia, Snow and Herrera",madelineevans@gordon-lutz.com,"650 Winters Mountain
West Jonathanstad, LA 51399",Vanuatu,True,1.5
SHOP0054,"Gray, Hughes and Smith",robertallen@davis.com,"98582 Hunter Street
Mooreshire, TX 25198",Gabon,False,3.8
SHOP0055,Alvarado Inc,amanda59@boyd.com,"261 Hall Spring
Port Michelle, DE 21645",Taiwan,False,1.1
SHOP0056,"Taylor, Holmes and Fernandez",ojones@rangel.com,"USS Harmon
FPO AE 46976",Kazakhstan,False,3.1
SHOP0057,Marquez-Jackson,harperethan@roth.com,"44814 Lawson Views
Hamptonhaven, OR 27976",Belize,False,4.5
SHOP0058,"Blair, Lopez and Whitehead",fvaughn@williams.com,"1752 Gray Views
Gabrielleshire, SC 05703",Saint Vincent and the Grenadines,True,4.9
SHOP0059,Walters Ltd,roberta80@sanchez.com,"PSC 0372, Box 4415
APO AE 22530",American Samoa,True,4.3
SHOP0060,"Smith, Snyder and Harris",starkjeremy@werner.biz,"74155 Susan Mountains Apt. 545
Juarezmouth, NY 75490",Bhutan,False,4.9
SHOP0061,Johnson and Sons,amandabarrett@richards-adams.com,"286 Dunn Glen Suite 534
New Leslie, KY 41609",Heard Island and McDonald Islands,False,4.1
SHOP0062,"Barnes, Marshall and Roach",ingramsally@gibson.info,"Unit 1240 Box 5163
DPO AP 90684",Sierra Leone,True,1.0
SHOP0063,Booth-Austin,hmichael@jensen.com,"5403 Brown Points Apt. 631
Douglasmouth, MN 28537",Ecuador,True,4.8
SHOP0064,Sheppard-Castro,millerjonathan@mclaughlin.com,"20825 Robinson Haven Apt. 438
Watsonton, CA 43976",Montenegro,False,4.0
SHOP0065,Kelly PLC,tspencer@hunt.com,"29172 Roberts Via
Christopherfort, WI 59210",Bhutan,True,4.2
SHOP0066,"Carr, Smith and Davis",dennisingram@dalton.info,"01638 Smith Valleys
Lake Sarahtown, FM 52790",Western Sahara,False,3.8
SHOP0067,"Alvarez, Davis and West",dharvey@hayes.com,"1414 Garcia Meadow Apt. 469
Kathrynland, TX 94258",Holy See (Vatican City State),False,4.9
SHOP0068,"Williams, Padilla and Rodriguez",anthonyanderson@bishop-escobar.info,"346 Davis Hills Suite 998
Bergerberg, RI 05781",Portugal,True,4.3
SHOP0069,Wang-Fisher,trios@rosario-romero.info,"31034 Fernandez Fork
West Patriciaborough, PW 39482",Timor-Leste,True,1.2
SHOP0070,Cooper-Roberts,evaldez@ramsey.com,"83783 Angela Port Apt. 215
Ashleyland, IA 26584",El Salvador,True,1.2
SHOP0071,Wheeler Ltd,sarahpowell@mccormick.com,"061 Chad Stravenue
West Stephanieburgh, KY 70246",Honduras,True,1.5
SHOP0072,"Mills, Garcia and English",lisavincent@wood.com,"837 Debra Wells Suite 711
Gibsontown, HI 14440",Belize,False,3.7
SHOP0073,"Campbell, Hall and Alvarez",kelleynicholas@garrett.net,"25570 Gabriel Parkways
Navarroberg, ID 97352",Eritrea,False,4.4
SHOP0074,Dean Inc,andersondaniel@fox-carroll.com,"48664 Cisneros Flats Apt. 172
Tammyfurt, IA 80754",Yemen,False,4.5
SHOP0075,Kramer-Rowland,crystal85@mejia.com,"434 Massey Ramp Suite 517
East Lorihaven, RI 65345",Niger,False,2.3
SHOP0076,Miller-Cervantes,obriendalton@kelly-garcia.com,"6727 Sierra Ferry
Williamschester, AR 32257",Kyrgyz Republic,False,1.1
SHOP0077,"Perez, Carlson and Rhodes",pattoncrystal@stanton-guerrero.com,"397 Owens Union Suite 937
Harrisside, VI 69780",Macao,True,3.6
SHOP0078,Matthews Group,wallacekathryn@santiago-ortiz.com,"Unit 8647 Box 8833
DPO AE 34683",Qatar,False,4.5
SHOP0079,Hudson-Richardson,jimenezcarolyn@johnson-herrera.com,"91064 Pedro Islands Apt. 303
East Christopherburgh, SC 03923",Kiribati,True,3.9
SHOP0080,Fisher-Sanders,pamelanichols@davis.com,"83018 Ward Groves Apt. 243
Troyshire, WV 35480",Hungary,True,4.6
SHOP0081,"Brown, Becker and Patterson",plawrence@thomas.com,"USS Peck
FPO AP 69016",Greenland,True,4.8
SHOP0082,"Rosario, Wood and Hawkins",ibishop@schneider.org,"4896 Daniel Light
New Samanthatown, HI 16234",Egypt,False,3.3
SHOP0083,Davidson and Sons,sara47@turner.com,"9264 Angela Crossing Apt. 759
Danielport, FM 47023",Singapore,True,4.5
SHOP0084,Soto Ltd,jenniferdavis@hunt.biz,"94142 Melissa Views Apt. 068
Heathermouth, MT 61076",Lao People's Democratic Republic,True,4.5
SHOP0085,"Riggs, Torres and Pearson",turnerjesse@silva-rubio.com,"PSC 2533, Box 4313
APO AP 40901",Papua New Guinea,False,2.5
SHOP0086,Evans-Foley,brian03@gardner-gilbert.net,"5688 Robert Knoll Apt. 162
Port Joseland, MA 93550",Malaysia,True,2.9
SHOP0087,Wilkins Group,pvalentine@gomez.com,"0483 Christy Gateway
Schwartzbury, NV 72275",Chad,True,2.3
SHOP0088,"Gutierrez, Johnson and Cohen",powellrebecca@monroe.net,"29888 Daniel Manors
South Kimberly, MA 49838",Cook Islands,True,4.4
SHOP0089,"Everett, Payne and Moore",joseph44@davenport-henson.info,"603 Michael Courts
South Stevenville, NM 49038",United States Minor Outlying Islands,True,1.3
SHOP0090,Hill-Cervantes,jesse58@pace.org,"USS Johnson
FPO AP 88157",Kazakhstan,True,2.0
SHOP0091,"Hayes, Valencia and Scott",nicole47@soto.info,"27126 Brian Square Suite 681
East Reginald, MO 08672",Mongolia,False,1.3
SHOP0092,Griffin-Tapia,kurt35@young-mccullough.com,"04580 Garza Ford Apt. 415
West Charles, NE 94721",Libyan Arab Jamahiriya,False,4.1
SHOP0093,"Murillo, George and Fowler",thomasrobles@dickerson.com,"1031 Anderson Garden
Port Michael, TN 78405",Dominican Republic,False,2.7
SHOP0094,"Adkins, Aguilar and Davis",aliciaware@hansen-sanchez.biz,"37605 Teresa Rapid
Haydenfort, CO 93655",Saint Kitts and Nevis,True,1.1
SHOP0095,"King, Terry and Williams",troy04@gonzalez-mason.com,"39746 Alexandria Track Apt. 925
Jillland, GA 09143",Togo,True,2.4
SHOP0096,Estes-Vasquez,aaronfrey@smith.com,"2026 Ferguson Corner Apt. 908
South Susan, WY 17278",Kiribati,False,4.3
SHOP0097,"Smith, Russell and Mcfarland",jilljames@west.com,"USNS Smith
FPO AE 25119",South Georgia and the South Sandwich Islands,True,1.1
SHOP0098,Tucker Inc,ramirezwendy@mitchell.com,"USS Bradford
FPO AP 22742",Uruguay,False,3.9
SHOP0099,Beltran-Rogers,jacksonkaren@guzman-ewing.com,"Unit 6505 Box 7752
DPO AA 93330",Latvia,False,3.6
SHOP0100,"Mcdonald, Garcia and Johnson",whitney34@williams.com,"13643 Jennifer Mountain Apt. 190
Melissaborough, GA 70403",Germany,True,3.2
SHOP0101,Gonzales-Alvarez,owagner@thomas.com,"5192 Miller Flat
Lake Audrey, WV 42897",Denmark,True,4.6
SHOP0102,Thompson-Morton,uwest@riggs-durham.com,"46435 Robert Villages
South Dylan, CT 47192",Bosnia and Herzegovina,True,4.5
SHOP0103,Hanna LLC,peggy38@hinton.com,"PSC 1713, Box 0374
APO AE 70830",Morocco,True,3.0
SHOP0104,Miller PLC,miguel50@herring.biz,"0588 Kathleen Mountains
South Alanfort, IA 87639",Antigua and Barbuda,False,3.4
SHOP0105,Jimenez PLC,swansonalison@macdonald.info,"56430 Wade Glens Suite 121
New Benjaminside, SD 07023",Liberia,False,4.5
SHOP0106,"Hamilton, Schmidt and Palmer",drussell@hernandez-walker.com,"94790 Allen Rapid Apt. 969
South Davidton, IA 97825",Tonga,True,3.9
SHOP0107,Gross-Grant,rnewton@nichols-santiago.com,"Unit 1102 Box 2447
DPO AE 55604",Antigua and Barbuda,True,2.8
SHOP0108,Davis and Sons,victoria14@ward-brooks.com,"15442 Robinson Falls Suite 062
Watersmouth, WA 68296",Isle of Man,False,1.5
SHOP0109,Harris LLC,uharris@clark-leach.info,"8683 Waller Land Apt. 401
Lake Jessica, CO 03734",Albania,False,3.5
SHOP0110,Gould PLC,whensley@sloan-jackson.info,"731 Tammy Square
Stacyland, NY 92616",Slovakia (Slovak Republic),False,3.3
SHOP0111,"Stark, Clark and Reyes",annewhite@keller.org,"PSC 8554, Box 0486
APO AA 99826",Argentina,False,4.2
SHOP0112,"Mcclain, Khan and Lane",williamspamela@harris.com,"43033 Morgan Heights
West Annetown, CO 11859",Israel,False,2.8
SHOP0113,Woods-Choi,brettcunningham@morris.org,"3694 Roberta Cliffs
Lauraborough, KY 92656",Monaco,True,3.4
SHOP0114,"Garcia, Wu and Pierce",rosecharles@munoz.org,"004 Marshall Union
West Kenneth, OK 87466",Bahamas,False,3.1
SHOP0115,"Stevenson, Richardson and Arnold",samanthahunter@walters.com,"73146 Banks Bypass
Cheryltown, LA 69082",Cameroon,False,3.9
SHOP0116,Duran-Meyer,victor06@diaz.com,"160 William Mission Apt. 635
Millershire, FL 10488",Maldives,False,3.0
SHOP0117,Hughes Ltd,lisa10@wallace.com,"0488 Tanner Roads
North Frank, AK 10630",Mayotte,True,2.8
SHOP0118,"Kelly, Jackson and Warner",jonesrebekah@green.com,"517 Bailey Overpass
Andersenborough, WA 50393",Libyan Arab Jamahiriya,False,2.5
SHOP0119,Gutierrez Group,eclark@ritter-vega.com,"3413 Lyons Plains
Dennismouth, AK 43924",Vanuatu,True,1.7
SHOP0120,"White, Singleton and Romero",kirbynathan@patterson.com,"146 Flowers Crossroad Suite 040
Davidsonborough, ND 43064",Uganda,False,3.5
SHOP0121,Bentley LLC,jacksonsarah@hood.com,"7358 Smith Corners Suite 521
New Kaitlin, KS 64141",South Africa,True,4.5
SHOP0122,Parker and Sons,martinamy@rios.com,"5548 Katie Divide Suite 081
New Sara, FL 65731",Pakistan,True,4.7
SHOP0123,Young-Roberts,nhernandez@oconnell.info,"22227 Hernandez Mountains
New Shawnland, VT 95233",Kyrgyz Republic,False,1.4
SHOP0124,Edwards PLC,lrogers@carpenter-wright.net,"25912 Hall Knoll
Lake Kevin, FL 64738",Lithuania,False,3.0
SHOP0125,Wyatt-Reed,jessicabutler@abbott-wilson.com,"54368 Boyd Ways Suite 881
South Lisa, NY 28700",Myanmar,True,2.0
SHOP0126,Duran PLC,millershannon@haynes-robbins.com,"16016 Clements Lane
Victoriaburgh, MH 89769",Brazil,True,1.7
SHOP0127,Miller-Rowland,andre79@carrillo.com,"461 Mills Plains Apt. 099
East Hunter, NC 31776",Moldova,True,1.2
SHOP0128,Higgins-Turner,ujohnson@rivera.com,"29206 Ayers Course Apt. 564
Lake Calvin, NH 21791",Iceland,True,4.1
SHOP0129,"Sparks, Guzman and Park",laurenhardy@kim-sandoval.com,"273 Meyer Skyway Apt. 092
New Patrick, AZ 00828",Cyprus,True,2.0
SHOP0130,"Smith, Taylor and Newton",whitney01@barry-nguyen.com,"1190 Michael Walk Apt. 082
Santosside, WV 05945",Lithuania,True,3.7
SHOP0131,Garcia-Wilkins,christinerose@melton.net,"7232 Hayes Curve Suite 006
North Anthony, CA 45382",Svalbard & Jan Mayen Islands,False,4.5
SHOP0132,Rodriguez-Williams,jonesandrea@wright-clark.biz,"73169 Ibarra Court
Lake Antoniotown, CO 28228",Iran,True,1.7
SHOP0133,Walker-Mills,danielnguyen@hogan.com,"932 Jessica Squares
South Michael, MN 92401",Italy,True,3.2
SHOP0134,Orozco-Wilcox,savannahpowell@smith-warner.com,"8290 Christopher Spring
South Jeffreyport, MP 68399",Philippines,True,2.8
SHOP0135,"Lee, Carlson and Cohen",dustin55@holmes-hernandez.com,"77547 Cook Square
West Aaron, DC 72146",United States Virgin Islands,True,1.2
SHOP0136,Martin Ltd,tfriedman@garcia.net,"48210 Bass Garden
Lake David, KY 42446",Christmas Island,True,1.5
SHOP0137,Bryant Ltd,wendy90@russo.com,"520 Ramos Street
Matthewstad, WY 03808",Saint Barthelemy,False,4.9
SHOP0138,"Alvarez, Ayala and Castillo",hfisher@gonzalez.info,"11333 Dixon Square Suite 698
Port Kevinport, CT 82026",Gibraltar,True,1.8
SHOP0139,"Mitchell, Johns and Donovan",steeleangela@cooper-evans.com,"6156 Mosley Court Suite 093
Lake Marcusborough, KS 99926",Malawi,True,4.1
SHOP0140,Arnold-Wade,vbrown@simmons.com,"725 Li Loop Apt. 237
Brownfort, WY 29586",Georgia,False,1.4
SHOP0141,"Hall, Johnson and Waters",jessicasmith@hayes.com,"8571 Scott Bypass Suite 017
Lauriemouth, AL 74376",Egypt,False,4.1
SHOP0142,"Cole, Richmond and Rose",reneecarroll@macias.com,"996 Michael Fields
Christyland, MA 09663",Turks and Caicos Islands,True,2.5
SHOP0143,Robinson LLC,djohnson@zuniga.net,"9881 Wendy Shores Apt. 859
North Crystalmouth, WI 00928",Korea,True,4.2
SHOP0144,Hickman-Wilson,xoneal@gomez.info,"45612 Richard Plains
New Katherinestad, MD 25003",Norway,False,4.3
SHOP0145,Buck-Watkins,christy65@howard.info,"003 Duncan Plain Suite 744
Sydneystad, VA 34495",France,True,1.7
SHOP0146,"Scott, Ibarra and Johnson",samuelwheeler@ramirez.com,"26213 Rebecca Bypass
Jenningsberg, MA 50982",French Southern Territories,False,1.8
SHOP0147,Nelson-Gibson,zweaver@roth.com,"Unit 5002 Box 9925
DPO AA 24935",Reunion,False,3.5
SHOP0148,Brown-Freeman,mhansen@barrett.biz,"781 Jennifer Mountains Suite 061
Lake Christophermouth, MH 70803",Slovakia (Slovak Republic),True,4.2
SHOP0149,"Reed, Estrada and Williams",joseph11@clark.com,"88473 Evan Glens Suite 467
North Andrewland, DC 75799",Togo,False,4.5
SHOP0150,Jacobs-Zuniga,davisandrew@smith.com,"191 Jared Court
Cynthiatown, IA 72493",Madagascar,False,2.5
SHOP0151,"Woods, Higgins and Peterson",hannahharrison@garcia.org,"297 Adam Cove Suite 617
New Timothymouth, OR 17084",Bangladesh,True,2.2
SHOP0152,Leonard Group,varnold@olson.com,"6089 Gordon Branch Suite 182
Smithshire, PA 05466",Yemen,True,3.7
SHOP0153,Jones-Welch,allison53@jones.com,"7254 Robinson Mission Apt. 410
Ellisville, NH 02272",Maldives,True,4.4
SHOP0154,Stewart-Pitts,parkerjennifer@nelson.com,"6107 Stacy Canyon
Mitchellbury, MS 20977",Slovenia,False,1.3
SHOP0155,Monroe-Webb,janetstanley@sullivan.com,"PSC 2006, Box 1669
APO AP 85622",Sao Tome and Principe,True,2.4
SHOP0156,"Warner, Simpson and Frazier",jlyons@larson-singh.com,"587 Thomas Manors Apt. 308
North Paul, RI 37573",Eritrea,False,3.6
SHOP0157,Klein-Olsen,brandiwilliams@rice-molina.com,"61058 Melvin Estates
South Sarashire, DE 92029",Cyprus,True,4.8
SHOP0158,Young-Abbott,ftorres@diaz.org,"591 Sara Lodge
Brendaville, GU 32157",Ghana,False,1.2
SHOP0159,Garcia Group,zcox@melton-gomez.net,"3421 Stephen Bypass Apt. 036
Davisview, AR 55620",Uzbekistan,True,1.8
SHOP0160,"Meadows, Peterson and Higgins",sbrown@farrell.com,"484 James Lights
Mannland, WV 15514",Korea,False,4.9
SHOP0161,Holder Group,shane39@gutierrez.biz,"0840 Horton Expressway
Lake Michelle, MN 44617",Kenya,True,3.3
SHOP0162,"Sanchez, Weaver and Bailey",ewright@davis.com,"6671 Knight Manors
Dianaland, HI 99865",Japan,True,1.0
SHOP0163,Rodriguez and Sons,lisa97@hodges.org,"PSC 7028, Box 9116
APO AP 11728",Honduras,True,1.0
SHOP0164,Brown-Davidson,qkidd@rose.com,"574 Mann Turnpike Suite 646
South David, GU 87259",Heard Island and McDonald Islands,False,3.4
SHOP0165,Boyle-Figueroa,bellison@mata.com,"7477 Garcia Stravenue Suite 974
Aguilarmouth, KY 31474",Fiji,False,4.0
SHOP0166,"Ellis, Robinson and Flowers",loriramirez@erickson.biz,"849 Carol Alley Apt. 954
North Colinfurt, MO 85455",Bahamas,False,4.9
SHOP0167,Williams-Salas,pgonzalez@jones-mcdaniel.com,"751 Buck Stravenue Suite 071
South Caroline, KY 80637",Hong Kong,True,2.7
SHOP0168,Manning-Washington,hsanchez@butler.biz,"1668 Taylor Meadows
Port Jenniferborough, FL 21480",New Caledonia,False,2.3
SHOP0169,"Garrett, Young and Harris",villanuevamike@smith.net,"Unit 9938 Box 6986
DPO AP 20130",Japan,True,2.4
SHOP0170,Lopez-Smith,jenniferwalker@howell.com,"7678 Gregg Brook Suite 947
East Timothyton, LA 74158",Saint Kitts and Nevis,True,1.9
SHOP0171,Stein and Sons,yshaw@hall-parrish.info,"PSC 7108, Box 6708
APO AP 72936",Seychelles,True,3.1
SHOP0172,"Wilkins, Potter and Booth",nicholaswilkerson@callahan-moore.com,"07757 Jackson Pines
Dianeview, PR 09115",Bahrain,False,2.8
SHOP0173,Grant-Hill,qjohnson@jennings-hughes.com,"80667 Anderson Knolls
Cristianbury, LA 77144",Isle of Man,False,4.0
SHOP0174,Hernandez PLC,xdaniels@perez.com,"70718 Michelle Rapids Suite 190
New Brian, MO 90353",Egypt,False,4.0
SHOP0175,"Gutierrez, Ryan and Smith",paula99@fischer.com,"Unit 5538 Box 5231
DPO AA 38078",Argentina,False,2.6
SHOP0176,Hunt PLC,cooperduane@bullock-good.com,"36235 Briggs Station Apt. 718
Myersberg, TX 71130",Turkey,True,1.9
SHOP0177,Ayala Inc,carlsonmichelle@moore.info,"2914 Ray Views
East Lori, AL 88758",Cape Verde,True,2.7
SHOP0178,Parker-Brown,morenopaul@simmons-prince.biz,"155 Hawkins Stravenue Suite 955
Port Martinville, ID 44448",Micronesia,False,3.1
SHOP0179,Ray LLC,sfranklin@smith-dominguez.com,"44709 Rogers Locks
West Meganport, AS 34283",Tajikistan,False,5.0
SHOP0180,Garcia Ltd,creynolds@smith-larsen.info,"019 Stephenson Well Suite 545
New Annaside, LA 95268",Czech Republic,True,2.8
SHOP0181,Johnston LLC,zcarr@pollard.com,"0665 Amber Fork Apt. 874
Smithberg, VI 04821",Iraq,False,1.6
SHOP0182,Charles-Olson,kevin82@carpenter.com,"003 Thomas Ports
West Jenniferton, PW 43300",Estonia,False,2.3
SHOP0183,Johnston Ltd,morenodavid@anderson-jackson.biz,"3728 Travis Park Suite 152
West Kimberly, IA 86018",Bermuda,True,2.7
SHOP0184,Miller-Davis,fjennings@rodriguez.com,"656 Hess Streets
Nicolemouth, ME 28433",Slovakia (Slovak Republic),True,4.3
SHOP0185,Huffman PLC,barnesjacob@palmer.com,"63779 Bentley Ridge
Jeremiahview, GA 37648",Japan,True,4.0
SHOP0186,Thompson-Jacobs,xdavis@gonzalez.com,"63361 Jackson Summit Apt. 106
Lake Robinville, MA 86105",Saint Barthelemy,True,3.9
SHOP0187,Mccormick PLC,marklopez@rodriguez.com,"00576 Palmer Walk Apt. 158
Loganland, PW 58159",United States Minor Outlying Islands,True,4.0
SHOP0188,"Warren, Franklin and Lee",ichen@frazier.biz,"00145 Smith Locks
Deborahland, GA 97044",Paraguay,False,4.5
SHOP0189,Kelly-Brock,lauraflores@vaughn.info,"72180 Lowe Springs
North Coreyshire, OK 14915",Chile,False,2.3
SHOP0190,Walker-Woodard,barrettamanda@mills.com,"45987 Reed Lights
New Corey, AS 37090",Iraq,True,2.9
SHOP0191,Carey-Wu,brownjames@cunningham-adams.com,"PSC 3283, Box 4087
APO AP 11853",Morocco,True,2.5
SHOP0192,Salazar Ltd,franklinrenee@scott.org,"86638 Lauren Cliff Apt. 157
Harristown, ND 67988",Dominican Republic,True,1.4
SHOP0193,Greene-Smith,timothymoore@evans.info,"91642 Johnson Centers
Gregorychester, KS 83121",Samoa,False,3.5
SHOP0194,Mcbride Inc,valerievillegas@kirk.org,"536 Donna Union
Whiteburgh, HI 30513",Turkey,False,3.2
SHOP0195,"Trujillo, Lee and Ward",rhorton@villegas-escobar.org,"91138 Kent Spring Suite 975
South Kelli, MA 35093",Luxembourg,False,1.3
SHOP0196,Robertson LLC,ashleymercado@huerta.biz,"33295 Alexandria Meadows
Dianamouth, DE 45338",Denmark,False,4.9
SHOP0197,Robinson-Arias,eddie47@thompson.com,"Unit 6208 Box 1470
DPO AA 09973",Uganda,False,3.7
SHOP0198,Joseph Group,harrisjoshua@jackson-mann.org,"5685 Watson Points Suite 641
East Deborah, MN 54927",Mexico,True,2.6
SHOP0199,Gonzalez Ltd,hpadilla@durham.org,"503 Hall Springs Suite 652
Jillport, PR 85150",Slovenia,True,4.0
SHOP0200,Ward-Hampton,santanajohn@murphy-goodwin.com,"834 Nolan Locks Suite 727
Matthewton, ID 14144",Pakistan,False,1.5
SHOP0201,Banks-Martinez,ralph23@davila.com,"1144 Michael Inlet
Lake Chelsey, HI 70117",Mongolia,True,1.6
SHOP0202,"Mckinney, Smith and Davis",nlewis@maddox.com,"471 Richard Route Apt. 944
Gonzalezton, DE 55492",Netherlands Antilles,True,3.5
SHOP0203,"Berger, Cline and Cooper",ashley43@gonzalez.com,"Unit 1637 Box 2949
DPO AA 99563",Thailand,True,3.0
SHOP0204,Horton Inc,carlaobrien@watts-diaz.net,"262 Garrett Stream Suite 454
Brandonville, KS 72375",Hungary,False,2.2
SHOP0205,Reyes-Cunningham,qcharles@shelton.com,"113 Kara Ports
North Lorimouth, WA 67672",Bulgaria,False,3.9
SHOP0206,"Miller, Espinoza and Carter",deanna64@austin-adams.org,"579 Jasmine Oval
West Jameston, OK 64911",Norfolk Island,False,3.3
SHOP0207,Dean-Graham,robertvilla@patrick.net,"8738 Erik Path
Smithborough, HI 42678",Ghana,False,4.2
SHOP0208,"Davis, Dixon and David",estuart@wilson.com,"260 Crystal Islands
Owensland, MD 44554",Mauritius,True,2.9
SHOP0209,Newton-Taylor,bsavage@ford-olson.com,"266 Brown Brook
Hansonside, MP 75833",Croatia,True,4.3
SHOP0210,Harris PLC,shaffereric@sanchez.com,"893 Robinson Landing Suite 134
Mooretown, MI 76693",Iran,False,1.3
SHOP0211,Stevens Group,abranch@oliver.biz,"1713 Burton Rue
Philipburgh, CO 80617",Syrian Arab Republic,True,4.8
SHOP0212,"Mcfarland, Howard and Daniels",mcgeeantonio@smith.info,"519 Rodriguez Villages Apt. 679
Alvinburgh, OR 56490",United States Minor Outlying Islands,True,4.5
SHOP0213,Bradley Inc,garzakimberly@navarro.com,"703 Jimmy Circle
Valenzuelaborough, TX 79033",Kyrgyz Republic,False,2.7
SHOP0214,Cox-King,keithharrison@ball.com,"02219 Perez Glen
Wrightberg, NV 38316",Angola,False,4.3
SHOP0215,"Brooks, Neal and Williams",darrenbeck@brown.biz,"485 Rebecca Mountains
North Curtis, VT 86573",Bouvet Island (Bouvetoya),True,2.9
SHOP0216,Blake Group,cynthia46@bailey.com,"8110 Michael Lights Apt. 037
Jackiemouth, GA 28168",Andorra,False,1.1
SHOP0217,Ford-Robertson,davidmarsh@ellis.org,"251 Lopez Loaf
Gonzalezland, MD 29625",Bahamas,False,1.6
SHOP0218,"Moore, Christian and Buckley",tblack@marsh.com,"68653 Taylor Prairie
North Johnville, NV 46224",Gambia,False,3.3
SHOP0219,Baldwin-Kim,williamcarey@blanchard.com,"412 Melanie Trail Suite 457
New Billytown, MI 91832",Palestinian Territory,True,4.9
SHOP0220,"Edwards, Mills and Clay",kathleenpatterson@harvey.com,"485 Zachary Vista
Sanchezbury, AR 53430",Bosnia and Herzegovina,True,4.3
SHOP0221,Johnson-Garcia,burketony@boone-graham.com,"USNS Spencer
FPO AA 88069",Finland,False,3.9
SHOP0222,Russo-Stein,paul46@ford-garcia.info,"838 Hester Underpass Apt. 316
Williamsborough, ME 21957",Eritrea,False,4.8
SHOP0223,Young Group,rstevens@taylor.com,"Unit 7635 Box 5597
DPO AE 26003",United Arab Emirates,True,3.3
SHOP0224,Hill PLC,carriewilliams@howell.com,"63124 Fisher View
North Judyborough, SD 73569",Brunei Darussalam,True,1.6
SHOP0225,Leblanc PLC,william42@hawkins.com,"6034 Nelson River
Wuville, MS 14083",Macao,True,4.2
SHOP0226,Farmer PLC,brichards@johnson.info,"5873 Christensen Lake Suite 605
Joshuatown, OK 70702",Mozambique,True,3.7
SHOP0227,Lara-Robles,dgardner@lloyd.com,"USNS Howard
FPO AE 75872",Sudan,True,1.8
SHOP0228,"Taylor, Perez and Goodwin",coxjessica@stanley.org,"0726 Carol Dale Suite 835
Lake Sarah, LA 47399",Spain,True,3.2
SHOP0229,"Smith, Davis and Salinas",bartonallen@duncan-powell.biz,"274 Victor Trafficway Apt. 185
Glovermouth, UT 70707",Brazil,False,2.8
SHOP0230,"Leonard, Dawson and Perez",anthony35@cooper-riley.com,"6213 Gary Summit
Andrewsview, CA 54898",Cambodia,False,4.0
SHOP0231,Barnes Inc,tannerbaker@hamilton-hill.com,"6597 Paul Oval Suite 151
Lake Robertberg, UT 96320",Namibia,False,3.2
SHOP0232,"Williams, Sanchez and Jones",hhampton@keith-nguyen.biz,"521 Coleman Circles Suite 852
Joshuaburgh, LA 32153",Japan,True,1.4
SHOP0233,Chavez-Rodriguez,harriskathryn@clark-jackson.biz,"22301 David Prairie
South William, MH 39296",Mexico,False,4.1
SHOP0234,"Robinson, Shields and Murray",nreilly@adams-wade.com,"28817 Jeffrey Radial
West Joanmouth, GA 94612",Hungary,False,4.6
SHOP0235,Jones Inc,zoehicks@benson.info,"1694 Hernandez Burgs Apt. 520
Christianside, MI 84115",Ghana,True,3.8
SHOP0236,Howard-Reynolds,wilsonjennifer@barton-beck.com,"996 David Highway
New Sharon, LA 62441",Tuvalu,True,1.5
SHOP0237,Thompson Ltd,hcastillo@garcia-frost.com,"864 Macias Gardens
West Allisonchester, MD 03941",South Africa,False,1.5
SHOP0238,Gonzalez PLC,ericortega@dawson.info,"Unit 6150 Box 9383
DPO AE 57754",Bolivia,False,4.6
SHOP0239,"Peterson, Abbott and Williamson",fklein@richardson.com,"98307 Foster Land
Mirandaton, RI 32064",France,True,2.2
SHOP0240,"Gomez, Cain and Gallegos",craigjulie@spencer-turner.com,"05003 Nathan Meadow Suite 381
Loriburgh, PR 64043",Honduras,True,3.0
SHOP0241,Martinez Group,todd06@hernandez.com,"USNS Griffin
FPO AA 31391",Spain,True,4.0
SHOP0242,"Young, Moore and Owens",anna69@curtis.biz,"USNS Ramirez
FPO AP 39243",Singapore,True,2.2
SHOP0243,Greene-Davis,bakergeorge@stevenson.com,"PSC 5443, Box 2637
APO AE 07819",French Polynesia,True,1.7
SHOP0244,"Brooks, Long and Buchanan",zstone@davis-johnson.com,"PSC 8016, Box 4793
APO AA 71777",Cook Islands,False,3.2
SHOP0245,Noble-Douglas,brooksjerry@gallegos-silva.com,"42210 Kaitlin Cove
East Michaelfurt, GA 39548",Eritrea,True,2.8
SHOP0246,Hughes Inc,jennifer57@hogan.org,"7229 Lindsay Station
Port Charles, DC 33663",Croatia,True,3.0
SHOP0247,Bailey-Lee,nicholas72@scott.com,"99720 Walker Branch
Shawburgh, HI 77943",Chad,True,2.5
SHOP0248,Peterson Inc,carpenterdeborah@williams.com,"59389 Cody Brooks Suite 820
Lake Linda, IN 31348",Antigua and Barbuda,False,4.3
SHOP0249,Rodriguez Inc,ashley78@martinez.com,"4137 Pamela Locks
Port Rhondaton, SD 04956",Chile,True,2.2
SHOP0250,"Hardy, Dunn and Price",smithcourtney@hoover.com,"2124 Oliver Stream Apt. 254
South Timothy, AL 31104",Cyprus,False,4.1
SHOP0251,Hall-Lynch,margaret41@barrett.com,"4617 Swanson Bypass Apt. 104
New Thomas, MD 67432",Canada,True,2.3
SHOP0252,Campos-Sexton,lambertkenneth@smith.com,"37499 Steve Squares Apt. 095
Michaelville, NY 02100",British Indian Ocean Territory (Chagos Archipelago),False,4.3
SHOP0253,Holmes-Shea,npatel@reese.com,"115 Bush Fall
New Davidshire, MD 48025",Kenya,False,1.4
SHOP0254,West PLC,abigailcunningham@king.info,"8609 Victoria Knoll
West Sherryside, LA 81767",Argentina,True,3.8
SHOP0255,"Alexander, Smith and Bryan",stephensroy@foster.net,"2838 Carolyn Pines
New Lindseybury, CO 59531",Netherlands,False,1.4
SHOP0256,Flowers-Melendez,daniel62@jones.org,"8930 Eric Springs Apt. 719
Port Normabury, PW 96609",Martinique,True,4.8
SHOP0257,"Kelly, Francis and Patterson",rogersbryan@lopez-rodriguez.org,"534 James Parkways Apt. 518
Port Jacqueline, TN 88381",Korea,True,1.5
SHOP0258,Thompson-Allen,nicholascarson@hall.com,"9970 Lisa Walk Suite 249
Benjaminberg, MA 59955",Vietnam,True,2.6
SHOP0259,Smith Inc,hdavis@patterson.biz,"0563 Allen Drives Suite 946
East Jeffreyton, MD 43218",Iceland,False,4.9
SHOP0260,Ross-Chang,davistaylor@morales.info,"1427 Smith Circle Apt. 748
Campbellland, IA 12192",Belarus,False,4.2
SHOP0261,Marshall-Dean,graydarryl@davidson.biz,"6228 Hawkins Spurs
Port Angelaview, WI 01900",Papua New Guinea,True,2.0
SHOP0262,Chavez PLC,johnsonaaron@castillo.com,"USNV Jackson
FPO AA 35726",United States of America,True,1.5
SHOP0263,Lyons-Perry,amyvaughan@dominguez-hughes.info,"23246 Kelly Trace Apt. 778
Lake Ashleymouth, AK 99884",Bhutan,False,1.5
SHOP0264,Ray and Sons,uramirez@garcia.com,"99387 Hughes Stream
North Jessicamouth, AR 75154",Hungary,True,4.8
SHOP0265,Smith-Wilkinson,jennifergreer@hill.info,"382 Jennifer Forks Suite 432
Monroeside, IL 68913",Korea,True,4.8
SHOP0266,Mack-Byrd,heatherpollard@wilkinson-herrera.biz,"413 Cannon Forest
West Roger, CT 25025",Finland,False,4.7
SHOP0267,Todd Ltd,robbinshoward@holloway.org,"789 Perez Camp Apt. 160
Lake Andrew, IA 11911",Lithuania,False,1.7
SHOP0268,Clark-Huang,curtiscindy@murray.com,"PSC 3051, Box 2278
APO AA 18422",Indonesia,True,3.7
SHOP0269,Thompson-Pena,rebekah84@austin.com,"044 Christopher Locks
West Saramouth, OK 19715",Senegal,True,3.1
SHOP0270,Rose LLC,csanders@wilson-powers.com,"026 Scott Loop Apt. 202
Robertborough, NM 66640",Romania,True,4.9
SHOP0271,Davis-Romero,williamsduane@casey.biz,"052 Roger Wall
Blackstad, AS 28920",Nigeria,True,1.7
SHOP0272,"Patel, Perez and Sims",perrygregory@parker.com,"8108 Holt Inlet
South Prestonshire, MS 98263",Belarus,True,4.6
SHOP0273,"Davis, Smith and Fletcher",christophergreen@baker.info,"167 Marc Island Suite 318
Port Kristin, VI 37436",Micronesia,False,1.9
SHOP0274,Lee Group,larrybarnes@fisher.info,"962 Vanessa Trail
East Tracey, FM 97572",Martinique,True,4.4
SHOP0275,"Lloyd, Wilson and Beltran",nsmith@hernandez.com,"51778 Harvey Views Suite 147
Emilyborough, MP 20951",Dominican Republic,False,2.9
SHOP0276,Lewis PLC,catherinegordon@strickland.com,"5179 Travis Junctions
Cameronton, MA 96492",Nicaragua,True,2.3
SHOP0277,"Banks, Haynes and Reid",kelly90@tran.biz,"487 Jason Vista
Edwardfurt, WI 77239",Malawi,True,1.4
SHOP0278,Myers-Mcgrath,ylogan@jones.info,"37754 Bryan Harbor
Joannatown, TX 81824",Afghanistan,False,2.7
SHOP0279,Thomas PLC,daniel40@smith-howell.com,"66658 Heather Overpass Apt. 838
Anthonyburgh, ID 01830",Sao Tome and Principe,False,4.5
SHOP0280,"Robinson, Baird and Mitchell",john58@rodriguez-hayden.biz,"282 Campbell Camp
Jermainefort, NJ 84814",Luxembourg,True,2.0
SHOP0281,Powers-Wilson,karen89@anderson.com,"11283 Hill Forge Suite 781
Lake Cindy, AL 67451",Ireland,True,1.0
SHOP0282,Hahn PLC,denisewiggins@bell.com,"PSC 1283, Box 1364
APO AE 99075",Somalia,False,1.9
SHOP0283,"Gutierrez, Gray and Medina",jparks@green.com,"50812 Sandra Inlet
Lake Kylechester, VA 87092",Anguilla,False,3.9
SHOP0284,"Bowman, Huang and Mendez",amber11@garner.biz,"96352 Dustin Roads Suite 002
Lake Christinefurt, MI 85420",Philippines,True,4.0
SHOP0285,"Morgan, Stevenson and Fields",mcdonaldmelody@aguirre.com,"23701 Jeffrey Station
West Jason, KS 75727",Gambia,True,2.4
SHOP0286,Miller LLC,richard75@williams.com,"Unit 7365 Box 2917
DPO AE 43986",Greenland,True,4.9
SHOP0287,"Guerrero, Vazquez and Williams",xgomez@schroeder-castaneda.org,"018 Marie Curve Apt. 657
North Eric, IL 48716",Falkland Islands (Malvinas),False,3.3
SHOP0288,Poole-Washington,michaelkeith@watson-ramos.com,"64134 Mitchell Mountains
Port George, AS 51776",Ireland,True,4.7
SHOP0289,Shannon-Holmes,david31@mendoza-porter.com,"356 Williams Prairie Suite 879
Lake Danaland, KY 37301",Myanmar,True,2.0
SHOP0290,Hill-Moore,rebeccalee@williams.com,"34769 Price Islands Apt. 523
Port Thomas, PR 71128",Anguilla,False,3.1
SHOP0291,Brown-Anderson,hulldavid@jenkins.com,"7249 David Parks
North Cynthia, OR 61709",Guinea,False,4.3
SHOP0292,Morris-Thompson,tammierobinson@stewart.biz,"7391 Gonzales Square Apt. 053
Colemanborough, AS 13717",Bermuda,True,4.0
SHOP0293,Sloan-Best,idavis@arnold.net,"111 Lewis Village
Brownchester, SC 23086",Vanuatu,True,1.4
SHOP0294,"Hansen, Weber and Chung",michaelharris@ford.com,"89226 Gonzalez Groves
New Masonside, VT 29048",Congo,True,5.0
SHOP0295,"Maldonado, Burns and Nelson",mariabrown@garcia.info,"3969 Brian Forest
Port Diana, AK 82779",Norfolk Island,False,4.5
SHOP0296,Adams-Bell,jordanblake@lee-williams.org,"0744 Danny Terrace
Taylorstad, HI 68353",Mali,True,4.2
SHOP0297,White-Flores,christopher07@richardson.biz,"29070 Rebekah Throughway
Melissaton, CO 23126",Bahrain,True,1.5
SHOP0298,Torres Ltd,ujimenez@fernandez-haynes.com,"36282 Levy Wall
Stephenland, IN 30720",Nauru,False,4.4
SHOP0299,Daniel-Adams,jessicaherrera@smith.com,"431 Kaylee Glens Suite 655
Denisefurt, NH 57787",Syrian Arab Republic,True,2.6
SHOP0300,Bailey-Gonzales,thomascraig@rodriguez.org,"60538 Allen Point
Brownshire, WV 83264",Aruba,True,1.4
SHOP0301,"Dorsey, Beasley and Gutierrez",jonathan97@blankenship.com,"71671 Davis Wall
Cherylshire, VI 26926",Congo,True,2.6
SHOP0302,Smith-Gross,mooneyryan@johnston.com,"PSC 0217, Box 2880
APO AA 06400",Trinidad and Tobago,False,3.1
SHOP0303,"George, Hall and Baxter",rhondabyrd@payne-jones.org,"91186 Jacob Alley
Port Sandyton, AZ 66447",Colombia,False,4.1
SHOP0304,"Contreras, Meadows and Stone",kathryn74@smith.com,"514 Yvonne Square Apt. 158
Lake Sara, FL 89192",Uganda,True,1.4
SHOP0305,"Phelps, Williams and Taylor",nicoleskinner@lara-johnson.net,"62522 Perry Vista
South Dawnfort, MI 14173",Korea,False,4.2
SHOP0306,Garcia-Trevino,esimmons@abbott-brown.org,"732 Harris Burg
South Johnberg, KY 32057",Malta,False,4.8
SHOP0307,Rice Inc,hhaynes@ramos-conley.com,"USNS Brown
FPO AP 50406",Syrian Arab Republic,False,2.0
SHOP0308,"Gross, Ford and Marshall",edwardskaren@smith.biz,"11897 Lauren Square Apt. 165
Butlerview, MA 75319",Brunei Darussalam,False,2.9
SHOP0309,Walker-Jacobs,cynthia27@hicks.info,"78988 Donovan Dale
Lake Amber, PA 29685",Solomon Islands,False,3.2
SHOP0310,"Navarro, Lopez and Anderson",ricardosmith@dunn-barrera.com,"81046 Joshua Bridge
North Laurahaven, OK 72548",Dominican Republic,False,3.2
SHOP0311,"Miller, Bishop and Hill",edward71@adams-castillo.com,"587 Robinson Fords
West Jacquelineview, UT 40581",Swaziland,True,2.3
SHOP0312,Reed LLC,daughertyphillip@bird.com,"8548 Michael Groves
South Francisco, FL 93945",Lithuania,True,3.1
SHOP0313,Patrick and Sons,michael70@barnett.biz,"03222 Elliott Flat
Tyroneville, AS 13499",Christmas Island,False,3.8
SHOP0314,Rangel Ltd,reeddarrell@gilbert.com,"Unit 3867 Box 5456
DPO AA 51924",Algeria,True,3.8
SHOP0315,Vargas-Taylor,jessicahammond@nelson-hess.org,"775 Erica Crossing Suite 896
Gonzalezberg, AL 16834",Antarctica (the territory South of 60 deg S),True,2.2
SHOP0316,Herman PLC,byrdamanda@owens-sanchez.com,"5768 Cassandra Drive Suite 012
Bentleyland, KY 11245",Nauru,False,1.8
SHOP0317,"Howell, Smith and Gonzalez",bennettsara@hayes-winters.com,"505 Vicki Tunnel Suite 740
Warrenmouth, AR 69883",Australia,False,2.6
SHOP0318,Howell Group,smartinez@banks.info,"9833 Hanson Vista
South Kenneth, VA 86643",Oman,False,1.9
SHOP0319,Alexander-Sanford,dustinrhodes@joseph-carroll.info,"3458 Chung Hollow Suite 418
Port Pamelafurt, WY 57346",Syrian Arab Republic,True,2.5
SHOP0320,Mitchell and Sons,alexander05@lawrence.com,"83015 Katherine Prairie
New Stacey, WI 65484",Ecuador,True,4.5
SHOP0321,Frazier-Rodriguez,gsimmons@benson.org,"25035 Kelsey Brook Apt. 676
Sandersside, CA 52646",Vietnam,False,3.2
SHOP0322,"Le, Gregory and Mathews",michaeljones@williamson.com,"1560 Amy Ridges Suite 277
Carsonmouth, AS 36522",Cayman Islands,False,1.9
SHOP0323,"Alvarado, Alexander and Reeves",nicolechan@deleon-bennett.com,"148 Kelly Oval
Debbieville, VA 05757",North Macedonia,True,3.5
SHOP0324,Brewer Group,justin84@patel.com,"259 Candice Corners
Lopezland, MA 44700",Niger,False,3.6
SHOP0325,Vega-Rogers,anthony22@zavala.net,"Unit 8770 Box 1316
DPO AE 26454",Sierra Leone,True,3.0
SHOP0326,Brown Group,xstevens@nelson.com,"818 Smith Ramp Suite 913
Karaburgh, PW 61029",Nicaragua,False,4.7
SHOP0327,Cook Group,cowansonya@moore.com,"6316 Newman Cliff
North Erik, NC 85558",Haiti,False,4.8
SHOP0328,Salas-Knapp,zcooper@miles-graham.com,"437 Davis Islands Apt. 539
South Linda, OR 76148",Lao People's Democratic Republic,False,3.6
SHOP0329,Turner LLC,rmiller@rodriguez.org,"359 Washington Ville
New Jenna, MI 87380",Seychelles,False,2.9
SHOP0330,Mata-Green,ronaldbond@george.info,"833 Debra Knolls
Dawnmouth, VA 59138",Cook Islands,True,1.5
SHOP0331,Daniels Ltd,cshea@ramirez.net,"697 Brown Way Suite 971
Lake Thomas, IL 98387",Tajikistan,True,3.0
SHOP0332,Cook Ltd,gregory02@doyle.com,"521 Palmer Walks
Ericabury, NJ 02152",Uganda,True,4.2
SHOP0333,Taylor-Key,krystal35@smith.com,"44336 Kristi Avenue
South Markburgh, IA 67331",Guadeloupe,False,4.7
SHOP0334,Patrick-Wong,robinsonrobert@lowe.com,"837 Le Circle
Lake Davidland, KS 94950",Mongolia,True,2.0
SHOP0335,"Montoya, Andrews and Perez",jasonhoward@chan.com,"1099 Vazquez Fork
Port Anthonystad, SD 40429",Suriname,True,4.6
SHOP0336,"Rivera, Vargas and Ball",zpeterson@maddox.net,"98999 Valdez Fields Apt. 187
Cainburgh, UT 81122",Australia,False,4.2
SHOP0337,Flowers LLC,laurarivera@ruiz.info,"2060 Martin Grove Apt. 305
Greenshire, MT 30921",Singapore,False,2.6
SHOP0338,Ruiz and Sons,archerdebra@taylor.info,"572 Christine Trail
Lake Juanberg, UT 55340",India,False,1.2
SHOP0339,"Taylor, Lynn and Luna",ngardner@martinez.com,"1587 Andrew Fall Suite 022
Port Charlesfort, VT 01602",Albania,False,4.0
SHOP0340,Alexander and Sons,melindarubio@rodriguez.biz,"05580 Jamie Way
Adamsside, NH 64440",Andorra,True,4.9
SHOP0341,Peters Ltd,fostermiguel@miller.net,"902 Kelly Drives Suite 107
Port Jamesview, MN 61062",Saint Martin,False,4.6
SHOP0342,Adams-Morales,camachoadam@cross.com,"6433 Hamilton Alley
Schmittchester, WY 86614",Honduras,False,4.7
SHOP0343,Henry LLC,peter30@ho.biz,"08352 Weaver Meadows Apt. 855
Lake Katrina, SD 51213",Qatar,True,4.7
SHOP0344,Atkinson-Pierce,tammy95@hamilton.com,"USNS Parker
FPO AP 16863",Wallis and Futuna,True,1.4
SHOP0345,Alvarez-Jacobs,ishaffer@roberts.org,"00701 Ward Rest Apt. 801
Hallchester, TX 57887",Mauritania,False,2.1
SHOP0346,Mann-Boyd,howellscott@webster.org,"645 James Locks Suite 883
Tanyaton, DE 45745",Pitcairn Islands,False,4.2
SHOP0347,Nelson LLC,hensleyjenna@scott.biz,"PSC 0203, Box 4462
APO AA 31465",Costa Rica,False,3.8
SHOP0348,Maldonado-Paul,xmurphy@hicks.com,"0909 Nancy Estates
East Tonyaside, ID 42789",Bulgaria,False,2.0
SHOP0349,"Parsons, Wilson and Lewis",ronnie84@compton.com,"Unit 0704 Box 5641
DPO AP 01992",Saint Kitts and Nevis,False,1.5
SHOP0350,Mendoza-Braun,michael64@heath-campbell.com,"94721 Trevino Road Apt. 132
Georgefurt, DC 15218",Maldives,False,1.7
SHOP0351,Roberts LLC,floydthomas@morrison-flores.biz,"41096 Steven Overpass Suite 083
Sarahland, NE 99394",Sweden,True,1.7
SHOP0352,Rivera-Gonzalez,ramirezchelsea@chavez.com,"41597 Russell Loaf
Roseburgh, MH 81618",Christmas Island,True,4.9
SHOP0353,"Collins, Hudson and Chan",gbryan@griffin.net,"267 Watson Vista
Ericbury, DE 91062",Ethiopia,False,2.1
SHOP0354,"Huynh, Burns and Smith",stephen60@villegas-thomas.net,"250 Velasquez Springs
North Brian, OR 53323",Portugal,True,4.3
SHOP0355,Leonard Ltd,mary20@hoffman.com,"2493 Jessica Fall Apt. 037
Taylorberg, WI 18150",Pakistan,True,4.2
SHOP0356,Noble Inc,lindaosborn@graham.org,"268 Dylan Extensions
Lake Jackmouth, OR 01992",United States of America,False,4.2
SHOP0357,Taylor Group,joseph38@nelson-johnson.org,"38384 Brad Meadows
Johnsonchester, MP 63181",Haiti,False,2.1
SHOP0358,Fox LLC,hmata@white.com,"USS Stewart
FPO AA 24837",Swaziland,False,3.9
SHOP0359,Morales LLC,victoria43@johnson-jennings.net,"552 Latoya Island
Crystalport, NV 98453",Botswana,True,2.7
SHOP0360,Myers Inc,kirkamber@griffin.com,"6604 Freeman Circle
Austinbury, PW 51523",Bouvet Island (Bouvetoya),True,4.1
SHOP0361,Adams-Benson,parkerjoseph@tate-arias.org,"Unit 7133 Box 7714
DPO AE 09141",Kazakhstan,False,5.0
SHOP0362,Brown-Brown,vtaylor@ellis-alvarez.com,"254 Kelsey Stream
Tinaside, CT 91360",Cayman Islands,True,1.9
SHOP0363,Schroeder PLC,susanjenkins@pham-russell.com,"PSC 4658, Box 4624
APO AA 26889",Poland,False,4.2
SHOP0364,Garcia-Horn,kendracrawford@johnson-vasquez.com,"9022 William Trail
Wadeburgh, SD 62989",Barbados,True,4.3
SHOP0365,Davenport LLC,isantos@johnson-munoz.com,"98593 Page Loaf Apt. 916
Lake Thomas, OH 19346",Vietnam,False,1.1
SHOP0366,Hart-Rojas,mwright@garcia.com,"66708 Jim Grove Suite 200
Simsburgh, VT 54326",United Kingdom,False,3.2
SHOP0367,"Owens, Ibarra and Lawrence",kathryn33@gonzalez.com,"0404 Smith Forks
Jonesport, NY 11434",Dominica,False,2.1
SHOP0368,Durham-Barber,joseph09@ramsey.info,"Unit 0204 Box 5177
DPO AE 06068",American Samoa,True,4.1
SHOP0369,Young PLC,morandavid@mann.org,"9723 Myers Mount
Lake Johnport, GA 59040",Congo,False,4.0
SHOP0370,Nelson Inc,john62@wiggins.biz,"98270 Bennett Extensions Apt. 522
Lake Melissa, MT 75027",Equatorial Guinea,True,2.7
SHOP0371,Powell-Mccall,jeremy21@wilkins.com,"790 Ann Rapid
New Ellenberg, OR 06517",Myanmar,False,3.0
SHOP0372,"Bowman, Gordon and Carter",dpatterson@russell.com,"53221 Gary Falls Apt. 524
Port Randyside, VT 63932",Greece,False,4.0
SHOP0373,"Webb, Scott and Smith",kmitchell@carr.org,"PSC 7626, Box 8683
APO AE 61013",French Guiana,False,3.9
SHOP0374,Fuentes PLC,adamsabigail@jackson.biz,"PSC 8519, Box 7801
APO AP 97438",Kuwait,False,4.4
SHOP0375,"Johnson, Haas and Mann",jacobbarber@bennett.com,"9900 Benson Ridge
Jonesbury, PW 56912",Turkey,False,4.0
SHOP0376,Dougherty-Smith,bennettrachel@mcdonald-robertson.com,"USCGC Patterson
FPO AP 42722",Mauritania,False,3.8
SHOP0377,Norman-Gray,mackenzie52@barnes.org,"3301 Holmes Manor
Lake Kyle, SD 71332",Gabon,True,3.2
SHOP0378,"Matthews, Ibarra and Lewis",bflowers@kennedy-brown.com,"1626 Crawford Pike
Taylorfurt, MO 06343",Brazil,False,3.8
SHOP0379,Gray-Hoover,michellegalloway@cochran-lyons.net,"0505 Dean Mount Suite 574
Campbellfurt, DE 06562",Saint Martin,False,1.4
SHOP0380,"Harvey, Wallace and Grant",jeffery74@michael.biz,"6375 Riley View
Davidburgh, RI 26447",Antigua and Barbuda,False,1.6
SHOP0381,Valdez-Frost,vhancock@howell-jackson.org,"95108 Kara Ranch
East Tyler, KS 50351",Cote d'Ivoire,True,2.8
SHOP0382,"Ortega, Crane and Garza",steve85@parker-orozco.com,"20950 Julie Estate Apt. 281
West George, HI 38600",Maldives,True,3.6
SHOP0383,Hawkins and Sons,dkramer@hull-juarez.com,"PSC 4443, Box 1750
APO AE 94847",Maldives,True,1.2
SHOP0384,"Larsen, Lewis and Foster",christine65@vasquez-bennett.com,"36252 Cody Trafficway Suite 916
Burnsland, OK 96051",Mozambique,True,4.3
SHOP0385,Williams Group,patriciataylor@white.com,"7896 Michael Ramp
Justinport, PR 81398",Morocco,False,3.5
SHOP0386,"Rogers, Munoz and Medina",joshuameyer@wagner.com,"6523 Shaw Freeway Suite 073
Lake Tracy, IA 31206",Denmark,True,2.2
SHOP0387,Hughes-Graves,mcarson@wiggins.com,"5176 Kimberly Road Apt. 836
Lake Robertshire, IA 88666",United States Virgin Islands,True,1.6
SHOP0388,"James, Wallace and Rodriguez",matthew96@torres.net,"36809 Megan Stravenue
North Rodney, NY 72021",Guatemala,True,4.4
SHOP0389,"Eaton, Williams and Santos",tonyvasquez@sims.com,"26290 Schmidt Parkways Suite 324
North Deborahberg, WV 84898",Cyprus,True,4.6
SHOP0390,Butler Group,rmendoza@reyes-rivera.com,"396 Christopher Rapids Apt. 582
Lake Spencerfurt, IL 88691",Turks and Caicos Islands,True,1.9
SHOP0391,Lawson-Weeks,lmoore@phillips-morales.com,"Unit 6829 Box 6959
DPO AE 71203",Saint Lucia,True,1.4
SHOP0392,Moran-Moore,joseschwartz@henry.com,"5350 Anderson Greens Suite 921
South Jasmine, IL 83744",Poland,True,3.9
SHOP0393,"Ryan, Vasquez and Hamilton",ekeith@martinez.org,"Unit 5184 Box 6010
DPO AE 17051",United States Minor Outlying Islands,True,4.6
SHOP0394,Lewis-Taylor,scottcassandra@taylor.org,"30342 Jones Burg
Joeburgh, HI 15233",Saint Vincent and the Grenadines,True,3.4
SHOP0395,Hartman-Moss,gonzalezbrent@anderson-schultz.com,"Unit 9860 Box 7766
DPO AP 28364",Botswana,True,4.4
SHOP0396,Lee-Anderson,lbrown@russo.com,"78267 Rodriguez Well Apt. 182
Hernandezfort, MT 77884",Peru,False,2.3
SHOP0397,Richardson-Downs,conniejackson@brooks.com,"619 Kelly Cliffs
Carolmouth, ME 37582",Solomon Islands,False,1.5
SHOP0398,Smith Group,fperry@davis.com,"706 Joseph Courts Apt. 183
Garzabury, KS 12165",Trinidad and Tobago,False,1.4
SHOP0399,Russell PLC,zoe94@miller.com,"79617 Delgado Trace
Avilamouth, WY 11782",Malaysia,True,1.6
SHOP0400,Powell Ltd,annewashington@nichols.com,"360 Hensley Union Apt. 697
Zacharyton, RI 47043",Kuwait,False,4.1
SHOP0401,Cowan PLC,erinreyes@vargas.com,"872 Benjamin Forks Suite 147
Jamesbury, AL 70125",Tajikistan,True,1.1
SHOP0402,Ryan-Daniels,tylerwright@munoz.com,"75896 Jack Hill Suite 788
Baileyland, SC 60574",Saint Martin,False,2.2
SHOP0403,Ramirez-Lang,russell07@page.com,"9362 Trevino Valleys Suite 599
West Kyleview, PW 77785",Grenada,False,2.8
SHOP0404,"Daniels, Pena and Robinson",jondominguez@graham.com,"7637 Vaughn Mission
Justinhaven, KY 88780",Seychelles,True,1.7
SHOP0405,Dixon Inc,robert10@patterson.com,"15900 Parker Shores
Wilsonland, NJ 64131",Burkina Faso,False,1.5
SHOP0406,Miller Inc,valeriemorris@hahn.com,"5970 Douglas Island
Harrisonhaven, MP 64509",Lebanon,False,1.1
SHOP0407,Bray Group,obrewer@rivera.org,"9134 Eric Trace Apt. 399
Makaylafort, SC 95227",Botswana,True,4.4
SHOP0408,"Lee, Schultz and Wilson",josephmcconnell@butler.com,"713 Travis Rapids Apt. 778
New Heather, MN 24280",Iraq,True,1.7
SHOP0409,Park-Castillo,jonespaul@berry-sanchez.com,"93271 Rose Mountains
Amyberg, NV 14863",Swaziland,True,1.4
SHOP0410,Gaines-Richardson,xfreeman@brown.net,"259 Medina Club
West Jillbury, FL 82111",New Zealand,False,2.7
SHOP0411,Simmons-Castro,mitchellmatthews@cooper-gonzalez.biz,"423 Heidi Ramp
West Kristinastad, AR 62986",Palau,True,4.7
SHOP0412,Oconnell-Barrett,hwillis@jones.org,"260 Bobby Manor
Lake Shawnton, NY 49417",Sierra Leone,True,2.2
SHOP0413,Rice-Snow,fordwalter@mitchell.com,"4330 Palmer Roads
Lake Edward, UT 88528",Cape Verde,False,3.6
SHOP0414,Guerrero-Malone,nicole35@walter.biz,"920 Miguel Overpass
Port Willieborough, VT 72109",Albania,False,4.6
SHOP0415,"Williams, Gonzalez and Calderon",jacobsdaniel@livingston.com,"1707 Michael Union
Williamsstad, WA 38245",Northern Mariana Islands,True,2.3
SHOP0416,"Lutz, Smith and Roberts",kevinkelley@weiss.com,"99026 Terrell Stream
Brownfort, MT 23535",Nepal,True,1.0
SHOP0417,Harvey-Sharp,wilsoncaleb@herrera.com,"19928 Courtney Drive
Amyshire, FM 26706",Eritrea,True,2.9
SHOP0418,Jackson-Harrison,carrheidi@white.com,"086 Molly Trafficway Suite 290
New Terrancefurt, SD 34078",Singapore,True,4.8
SHOP0419,Murphy-Hicks,yharrison@little.com,"8926 Michael Islands Suite 503
Ashleybury, MH 49394",Guinea,False,1.2
SHOP0420,Williams-Ellis,bharrison@watson.com,"78437 Jonathan Center
Pierceshire, MP 32355",Saint Pierre and Miquelon,True,2.2
SHOP0421,Edwards LLC,bmorgan@evans.net,"42581 Susan Gateway
Carolburgh, ND 91034",Nigeria,False,1.7
SHOP0422,Daniels PLC,carloswilliams@shelton.com,"5652 Moore Center Apt. 419
West Nancy, WI 60458",Jamaica,False,2.3
SHOP0423,"Baxter, Green and Perez",angelica91@carter.com,"816 Nicole Square
North Megan, AL 87828",Bulgaria,False,4.0
SHOP0424,"May, Bernard and Young",monicaguzman@brown.biz,"929 Michael Fields Suite 789
Keithtown, SD 76857",United States of America,False,4.4
SHOP0425,Mcdonald Group,jonathanmiller@johnson.com,"7668 Corey Branch
Donnastad, MI 35581",Bahrain,True,2.3
SHOP0426,Nguyen Ltd,hornjoseph@flores-hebert.info,"3157 Carol Springs
Burnsshire, MD 11430",Eritrea,False,4.6
SHOP0427,Perkins Ltd,warrenkatherine@williams-williams.com,"USNV Moon
FPO AA 16993",Cuba,True,2.3
SHOP0428,Bridges-Cox,mckeerhonda@goodwin-bell.com,"4851 Jones Viaduct
Hillfort, VT 61447",Turks and Caicos Islands,False,2.2
SHOP0429,Avery-House,jenniferporter@park.org,"6321 Nichols Route Apt. 274
Davishaven, MH 51538",Tanzania,False,5.0
SHOP0430,Diaz-Cole,smithelizabeth@mcmahon-beard.com,"35951 Stanley Ferry
West Tracyton, OR 33445",Mozambique,False,3.8
SHOP0431,Porter-Moore,sanfordjanet@hernandez.com,"00811 Briggs Plaza Suite 372
Robertton, VT 67480",Jordan,False,2.3
SHOP0432,"Tyler, Mills and Olson",michael19@mcintosh-vazquez.com,"9600 Atkinson Forks Suite 815
Smithview, CO 57802",Tonga,True,2.2
SHOP0433,"Phillips, Chandler and Eaton",sarah52@bennett.info,"77664 Cody Track Apt. 406
New Nicholas, TN 80362",Bhutan,True,2.4
SHOP0434,Hernandez Group,dbarry@collins-villegas.com,"0872 Nguyen Garden
North Jacob, PW 07027",Bangladesh,False,1.5
SHOP0435,Carroll-Dixon,rhonda93@parker.info,"27484 Gray Spur
Haasmouth, KS 68808",South Georgia and the South Sandwich Islands,True,2.9
SHOP0436,Blackwell-Mullins,gomeznicole@webb-brown.com,"66564 Mercado Orchard Suite 514
Thomasstad, MO 17434",Macao,True,2.3
SHOP0437,"Riggs, Fletcher and Ryan",judycooper@mathis.com,"94166 Carroll Branch Apt. 545
South Marilyn, PA 08150",Bhutan,False,3.0
SHOP0438,Murphy PLC,cmacias@leonard.com,"817 Marcus Harbor Apt. 460
Susanside, NE 84587",Maldives,False,2.1
SHOP0439,Todd and Sons,sbaker@pearson.net,"5935 Martin Curve Apt. 011
Port Seanfurt, AR 42292",Palau,False,4.2
SHOP0440,Weaver-Stein,jaredbranch@cowan-vargas.info,"55917 Larsen Summit Apt. 895
Nguyenborough, NM 58064",Reunion,False,1.1
SHOP0441,Joseph-Horn,kylenorris@cannon.com,"647 Stanton Shores
East Erikafurt, AR 29925",Anguilla,True,1.1
SHOP0442,"Garcia, Thomas and Bowers",hensonkevin@whitaker.com,"15379 Heather Cove Suite 847
Joyceville, CA 19984",Mayotte,False,3.8
SHOP0443,"Jefferson, Brewer and Sims",jessecrane@castillo.biz,"301 Ernest Centers Apt. 119
Port Jasonside, PR 47169",Jamaica,False,3.2
SHOP0444,Lee-Ruiz,stevensnyder@flores.net,"7845 Wilson Islands
Vasquezberg, TX 14351",Brazil,True,3.7
SHOP0445,Sanders Inc,tracyturner@hess.com,"288 Mcconnell Mews
North Tammy, VA 35527",Marshall Islands,True,2.7
SHOP0446,Torres-Garza,melissahill@lambert-swanson.info,"PSC 1767, Box 3021
APO AA 28623",Benin,False,3.5
SHOP0447,May Group,joseph18@collins.com,"6256 Vazquez Forges Suite 794
Susantown, NH 30398",Andorra,False,3.9
SHOP0448,Martinez and Sons,xhensley@dalton.org,"905 Friedman Vista Apt. 591
Stevenborough, NC 29934",South Africa,False,4.7
SHOP0449,Walker-Rogers,yryan@stone.net,"8328 Strickland Village Apt. 201
Bellmouth, GA 71917",Bahamas,False,3.1
SHOP0450,"Baker, Sharp and Stevens",jacksonjennifer@aguilar.com,"87906 Dunn Valleys
Andrewchester, NH 67290",Uruguay,True,1.5
SHOP0451,Weber-Brown,acostasamuel@park.com,"20106 Garcia Cliffs
North Joseph, KS 02085",Hungary,True,2.3
SHOP0452,Bradley Group,paul91@jimenez-delgado.biz,"336 Julie Drive
Port Julian, HI 56454",Russian Federation,True,1.9
SHOP0453,"King, Vargas and Neal",zwong@ochoa.biz,"70755 Leonard Square
Williamsfort, RI 62048",Grenada,True,1.8
SHOP0454,Welch-Johnson,ronaldguerrero@phillips.info,"561 Daniel Hills
Mcphersonchester, HI 30808",Paraguay,True,3.3
SHOP0455,"Middleton, Wang and Elliott",karenmcfarland@jones.net,"PSC 7637, Box 2782
APO AA 84704",Gabon,False,4.3
SHOP0456,Garner and Sons,audreyallen@giles.com,"30884 Mejia Key
Khanville, AK 98276",Australia,True,1.4
SHOP0457,Zimmerman-Mcintosh,williamsdavid@henry.com,"1900 Fox Squares Suite 477
Wagnerhaven, DE 48793",Nicaragua,False,4.2
SHOP0458,"Hall, Vazquez and Meadows",rphillips@vargas-roberts.net,"04477 Nicholas Stravenue Suite 187
North Denise, ID 78384",Western Sahara,True,4.9
SHOP0459,"Foster, Aguirre and Clayton",cbenton@mccann.com,"5388 Michele Parks Suite 044
North Sheila, AK 60588",Tunisia,True,2.3
SHOP0460,"Duncan, Foster and Gray",gcollins@moon.com,"78254 Haas Square
Montesmouth, OK 43273",Thailand,True,4.8
SHOP0461,"Cunningham, Porter and Cox",rgarza@howell.com,"Unit 0311 Box 6139
DPO AP 82620",Belgium,True,1.9
SHOP0462,"Jimenez, Frank and Matthews",imccann@martinez.com,"41518 Patterson Villages
Andersonmouth, TX 49843",Cayman Islands,False,4.1
SHOP0463,Parrish-Henry,qbender@murray.com,"6478 Hughes Square Apt. 876
Maryborough, VT 98831",Vanuatu,False,4.4
SHOP0464,"Hicks, Mcclure and Kelly",ericscott@johnston.com,"7514 Ashley Causeway
Rodriguezland, NY 04331",Cook Islands,True,2.3
SHOP0465,Nguyen-Lee,justinsimmons@mclaughlin.com,"107 Carpenter Greens Suite 757
South Brenda, NM 34164",Kuwait,False,4.8
SHOP0466,"Miller, Daniel and Turner",srobinson@bird.info,"92428 Courtney Drive Suite 201
South Timothy, ID 92133",Singapore,False,4.4
SHOP0467,Navarro-Johnson,zarellano@martin-ward.com,"70715 Steven Estates
Brentton, RI 04458",Panama,True,2.6
SHOP0468,Richards PLC,david12@farmer-lewis.com,"79250 Martinez Summit
South Mark, MS 48520",Angola,False,4.6
SHOP0469,Gilmore-Lowe,annette71@glover-flowers.org,"7670 Olivia Causeway
New Alan, DC 99079",Isle of Man,True,1.5
SHOP0470,Lee Inc,patricia16@tate-reynolds.info,"1100 Robert Lodge
North Lisa, PA 82705",Estonia,True,1.4
SHOP0471,Buchanan Group,christopherwebster@thomas-schneider.biz,"37133 Michael Fort
Andrewshire, TX 60443",Anguilla,True,2.1
SHOP0472,Sanchez-Miller,joyevans@michael.com,"4483 Christian Harbors
East Angelaton, MS 92238",Cambodia,False,4.5
SHOP0473,Sosa-Weiss,arroyojerry@mahoney.com,"91152 Keller Loaf
East Danielleshire, MT 80941",Zimbabwe,False,4.1
SHOP0474,"Mathews, Dixon and Moody",sergiomaldonado@navarro.com,"2122 Debbie View Apt. 208
North Davidchester, PA 40762",El Salvador,False,2.8
SHOP0475,"Gonzalez, Kennedy and Boyer",veronica33@castro.net,"84411 Michelle Mission
Cherrytown, KS 26062",Uganda,False,4.1
SHOP0476,Dunn and Sons,nicole96@martinez.info,"PSC 0667, Box 3267
APO AA 97071",Germany,False,1.1
SHOP0477,Brooks PLC,steven79@nash-whitaker.org,"704 Davis Cliffs Suite 853
South Martinland, NY 41893",Jordan,False,3.6
SHOP0478,Hill-Gallagher,mariahjohnson@chambers.com,"Unit 9800 Box 2224
DPO AA 19985",Gibraltar,True,4.1
SHOP0479,"Lozano, Morrow and Gutierrez",lisa39@rios.biz,"03574 Chavez Cliffs
Matthewsbury, OH 06997",Slovakia (Slovak Republic),True,1.4
SHOP0480,Hampton-Jordan,rfleming@rogers.biz,"3404 Fisher Gardens Apt. 338
Hendersonbury, WV 32912",Saint Vincent and the Grenadines,True,2.6
SHOP0481,"Weaver, Hodge and Campbell",janicetaylor@bernard-harvey.com,"15986 Young Fords Apt. 137
Port Jessicashire, CT 52249",Fiji,True,1.6
SHOP0482,Lyons-Levy,montgomerycody@perkins.com,"64626 Ann Views
Lake Aaronmouth, NY 16299",Singapore,False,1.6
SHOP0483,"Smith, Morris and Patterson",fwilliams@elliott-ware.info,"460 Smith Haven
Lake Bradley, OR 18865",Spain,True,4.5
SHOP0484,Jennings Group,htorres@taylor.com,"522 Courtney Haven Apt. 996
Collierchester, WI 45944",Togo,False,4.7
SHOP0485,"Perez, Williams and Wright",awarner@kim.biz,"242 Sandra Drive Apt. 398
West Jasonmouth, WY 72626",Gibraltar,True,3.0
SHOP0486,"King, Soto and Stephens",powelltimothy@buchanan.com,"04124 Adam Canyon Apt. 790
East David, OH 25237",Western Sahara,True,4.2
SHOP0487,"Ruiz, Schneider and Burke",hrivera@miller.com,"9551 Lori Club
North Todd, AL 01640",Bangladesh,True,2.7
SHOP0488,"Torres, Nicholson and Bryant",bglenn@paul.com,"489 Alyssa Spur
Caldwellburgh, PW 11225",Heard Island and McDonald Islands,False,2.9
SHOP0489,"Murray, Rogers and Park",djacobs@williams.biz,"Unit 5094 Box 4407
DPO AA 67454",Lebanon,True,4.9
SHOP0490,"Sullivan, Bullock and Lee",ralph85@evans.com,"7145 Fisher Forest
South Heatherton, CA 31813",Oman,False,1.2
SHOP0491,Pierce-Foster,jocelynjohnson@perkins-williams.biz,"884 Julie Corners Apt. 074
South Joshuaview, NJ 43408",Belgium,False,1.5
SHOP0492,"Ferguson, Lester and Molina",sandra33@carr.info,"9737 Marvin Junctions
Port Heather, GA 90656",Saint Vincent and the Grenadines,True,3.7
SHOP0493,Huerta Group,jaimejennings@lewis.com,"223 Stanton Squares Apt. 005
South Donaldton, CO 66904",Syrian Arab Republic,True,1.9
SHOP0494,Anderson-Kelly,kevin49@watson.com,"69798 Cook Orchard Suite 819
Garciashire, FL 63548",Norway,True,3.4
SHOP0495,Martinez Ltd,annasanchez@carey-jennings.info,"823 Michael View Suite 739
New Kevinmouth, CO 80483",Vietnam,False,1.8
SHOP0496,"Vasquez, Brown and Reyes",kathryncox@rodriguez-miller.info,"54417 David Place Apt. 494
Christinafurt, VA 40146",Ecuador,True,2.9
SHOP0497,Barton-Dickerson,bradley23@mcpherson.org,"799 James Stream Suite 528
Hicksville, KY 14273",Afghanistan,True,2.2
SHOP0498,"Garcia, White and Ryan",coreyjohns@moreno-adams.com,"40630 Oneill Viaduct Suite 730
Lake Margaretchester, PW 65727",Bahamas,True,2.9
SHOP0499,Woods Inc,andersenstephanie@thomas.org,"01265 Flores Mission Apt. 566
Jenniferland, PR 74012",French Southern Territories,False,3.1
